transcript,comic_id
"-
- DIE PEST!!
- April-April!",19950401
"- Sie haben ja eine recht bunte Mannschaft...wie verständigen Sie sich da...Englisch?
- Klar, meistens Englisch, und wenn nicht, dann... CAPITANO!
- Blubb-Blubb!",19950403
"- Zwei Monatslöhne für 14 Tage Urlaub! Und seit fünf Tagen tropft dieser verdammte Wasserhahn! Ich werde alle verklagen!
- He, cool bleiben...'ne lächerliche 1/8 Zoll Dichtung...Papa macht das schon!
- ""Baumarkt""??",19950404
"- Sparen Sie sich gefälligst diesen ganzen Unsinn hier! Ich weiß definitiv, daß ich als glückliches Kaninchen wiedergeboren werden sollte!
- Moment...richtig...richtig...oh-oh...dumm gelaufen! Na bitte!
- Jagdsaison...",19950405
"- Gehts bald weiter, oder soll ich hier kläglich verhungern?
- Junger Mann, würden Sie freundlicherweise die Dame vorlassen?
- Vorübergehend geschlossen",19950406
"-
-
-",19950407
"- Ohne Gangschaltung? Genau! Ohne Gänge und ohne diesen Hi-Tech Kram, den ich sowieso nich' verstehe...
- Knifflig... Dann geben Sie mir eben das einfachste, das Sie haben!
-",19950408
"- He! Ich will meine Rente!
- und zwar sofort!!
- Fuchtelnse nicht so mit Ihrem Bleistift rum! Das ist ein Glasschneider...
-",19950410
"- ?
- ?
- Buh
- Ah! Ich liebe diesen Job...",19950411
"-
- INDIANER!!
- Na, Hauptsache unverletzt!",19950412
"- Einsnoinundnoinzich... Oh-hammses nicht etwas kleiner? HÄ?
- Kleingeld?
- Geh' gefälligst arbeiten, Du Gammler!",19950413
"- Die hast Du alle selber bemalt? 100 Stück! Hundert?
- Individuelles Design, individuelle Farbgebung! Alles Einzelstücke! Meine Wasserfarben! Leer!
- Jetzt müssen wir sie bloss noch kochen...",19950415
"- Ei-was haben wir denn da?
- Eine rhetorische Frage.",19950418
"- Mein Name ist Thaler...Tim Thaler... Ich verkaufe Ihnen mein Lachen-und Sie lassen mich laufen...
- PRUAHAHAWAHAHAHAHAAA! HOHOHO! GNNIHIHIHIHICHHICH... PFFRRAHAHAHAAAHEHEHEHE! WAHAHAHAHAHAHAHOHOHO! GRCHCHPFRZIAHAHAHAHAAA...
- Hab' ich von Buster Keaton.",19950419
"- Oh Gott...mir wird ganz blümerant...das lange Stehen...meine Pumpe...ich...ich...oh...
- Horst?
- Ich mach' mal Pause-is' grade nix los...",19950420
"- Jetzt sagense bloss, da drin gibt's Fische! Solche Brummer!
- Mein Gott, die armen Viecher! Also, ich würd' das nicht aushalten... Da is' einer dran!
-",19950421
"- Was isst Du denn da? Wackelpudding...
-
- Spielen wir Mikado?",19950422
"- Montag: 7 Uhr 30-Mein Leben hat einen Sinn bekommen: Ich sehe Sie!
- Wie vom Donner gerührt bleibe ich stehen-die Erde bewegt sich:
-
- Sie lacht mich an...",19950424
"- Dienstsg: Sie heisst Susi und geht in die Parallelklasse...
- Sie ist verrückt nach mir...
- Sie hat mir zugewunken!",19950425
"- Mittwoch: Sie hat mich berührt!
- Ich sprach sie an...
- ...und ihre Hand streichelte mein Gesicht...oh Susi!",19950426
"- Donnerstag: Meine Eltern rieten mir, mich an einen Experten zu wenden...
- Doch alles, was mir fehlt, ist eine einsame Insel...
- ...und Susi! Oh Susi!",19950427
"- Freitag: Endlich allein mir ihr!
- Ich gestehe ihr meine Liebe...
- ...Ihr Lächeln-mein Triumph!",19950428
"- Samsat: Wie war doch gleich der Name dieses merkwürdigen Mädchens?
- Ich glaube, sie ist gestorben...
- ...oder an eine andere Schule gegangen... ?",19950429
"- Isar 12-Derrick...O.K.-Wir kommen sofort! Ende.
- Eine Leiche im Kindergarten-die Leiterein...O.K., Harry, volle Pulle...und vergiss nicht wieder das Martinshorn!
- *",19950502
"-
- PAFF!
- PAFF!
- ""Männerfreundschaft""...ich habs auch nie begriffen...",19950503
"- So, und zum Schluss noch eine kleine ""Trivial Pursuit""-Frage:
- Wessen unvergleichliche Meisterwerke sind im sogenannten ""Köchelverzeichnis"" gesammelt? chrr... Na, Huschke?
- Bocuse...",19950504
"- ...hmmm...tja... Ist es was schlimmes? Was machen Sie beruflich?
- Ich bin bei der Post...-Schalterdienst. Sie sollten sich mehr bewegen. Schwester!",19950505
"- Weiss wie 'ne Made, aber gleich in die Sonne!
- Pf-bisschen Farbe muss sein.
- INDIANER!",19950506
"- Pruähh! Ich weiss-ich weiss-ich bin ein schlechter Mensch-so schlecht...
- Nö-eigentlich nicht...nö...geht so. Hm...
- Nur ein schlechter Verlierer!",19950508
"- Ich brauch' mehr Taschengeld! Geh' arbeiten...
- Da draussen sind Millionen von Familienversorgern-und ich soll einem von ihnen den Lebensunterhalt streitig machen?
- Wie jeden Monat...",19950509
"- Würden Sie das mal kurz halten und sich einen Moment umdrehen? **
- Was soll das werden? Ein Überfall? ?
- An den Augen liegt's nicht.",19950510
"- Nach Kreta?
- Öh...ich glaub' da lang... Danke, Fremder!
- Odysseus!! Wegen Dir kommen wir immer zu spät!",19950512
"- Wenn Du mit der Hand übern Kopg ans Ohr kommst... ...biste schlau genug für die Schule!
- Höhö!
- Hallo Blödmann!",19950513
"- ...gipfeld die Evolution in den ""Primaten"", und...
- ...deren höchste Entwicklungsstufe-die Bändiger des Feuers, die Schöpfer und Herren der Technik sind wir...
- Die Automaten.",19950515
"- Das Ende ist nah! ?
- BEREUET! DAS ENDE IST NAH!!
- Gewesen, Schätzchen, gewesen...",19950516
"-
- Können wir Sie ein Stück mitnehmen?
-",19950517
"- ...die Airbags befinden sich unter den Sitzen. Wir wünschen einen angenehmen Flug... BRZ Airbags?
- He! Fraäulein! Das sind Schwimmwesten!
- Wir fliegen übers Festland.",19950518
"- 'n Schizophrener.stark selbstmordgefährdet... Ich bin 2 Öltanks ? ?
- Wollte sich in de Fluss stürzen... Verstehe... ? ?
- Und der andere? Polizei? Greenpeace ? ?",19950519
"- Zja-hat eben nicht jeder 'n Onkel in Alaska,... ...der einem 'ne echte Original Trappermütze schenkt...
- Pff...ausgerechnet Alaska...Pelzmütze ist Pelzmütze! Wo is' Deine her?
- Von der BZ!",19950523
"- Da reisst man sich Tag für Tag den Arsch auf damit man die ganze Mischpoke einmal im Jahr an die See karren kann und was will der Herr? Fischstäbchen!! Genau.
- Zehn Meter vom Meer weg!! Genau.
- Wo is Papa? Abkühlen. Im Pool...",19950524
"- Hohoho! Was für ein Popo! Mutter!!
- In Deinem Alter! Ganz recht! In meinem Alter!
- In meinem Alter erinnert man sich nur noch an die schönen Sachen von früher...",19950526
"- Ah! Das Vergnügen, einen Handwerker bei der Arbeit zu sehen! *
- Aufmachen-reingucken. Bisschen hier fummeln-bisschen da fummeln..
- Finger klemmen-zumachen. Passt! Fein! Ausprobieren... ***
- Und jetzt kommt gleich der Handwerker...",19950527
"- POMPERS POMPERS POMPERS POMPERS * * * ? *
- Sooo...300 Pompers Ultra und 400 Light, 30 kg Hüpp...wartense...irgendwas hab' ich vergessen... * * *
- Präser?",19950529
"- Er reagiert überhaupt nicht mehr...
- Da macht man das erste Mal seit Jahren Urlaub...nettes Zimmer, sehr ruhig... ...und billig,,, Geben Sie mir mal den Taschenrechner.
- Fernseher kaufen.",19950530
"- Neue und leicht geleckte Marken POSTBANK *
- Ach, Verzeihung, könnten Sie mir einen kleinen Gefallen tun? Klat, Muttchen...
- Muss nur mal für alte Mädchen...",19950531
"- Ich will Body-Building machen! Mich stählen! Meinen Körper zu einem Kunstwerk formen! Asthetisieren! OKay.
- Eisenstemmen? Gewichte drücken? Trimm-Rad fahren oder Liegestützen? Womit soll ich anfangen?
- Rumpfbeugen...",19950601
"- Uärks-ist der eklig... Stinkt sicher tierisch aus'm Hals...
- Na prima...schwimmen kann er auch nicht... Tjaja...Lehrjahre sind keine Herrenjahre... *",19950602
"- INDIANER! Was denn-hier?
- Was will der rote Mann?
- Seine Pfeile!!",19950603
"- Na, junge Frau, soll er Ihnen vorher noch schnell die Rente auszahlen?
- Oh-danke! Bitte nach Ihnen, junger Mann...
- ...dann haben Sie noch ein paar Stunden Vorsprung...",19950606
"- clic bzzzz
-
- ? clic bzzzz",19950607
"- Der Löwe! König der Tiere! Aber keine Angst-er ist auch der Gesundheitsminister...
- ...holt sich nur die Kranken und Lahmen Tiere aus der Herde... AU!
- ***",19950608
"- *** ? KSST! KSST! Pscht! ksst!
- **** ? ***** ksst!
- * *",19950609
"- Mut, Walburga...
- Ahem...wir möchten mit Ihnen über Gott sprechen. Hat er schon wieder was ausgefressen?
-",19950610
"- VER! GISS! ES!
- Oh scheisse Mann...das Leben ist hart!
- Weichspüler.",19950612
"- Hier-für Dich!
- He! Woher weisst Du, dass ich schwanger bin? Wow! Die Buschtrommeln... Ich bin 2 Berliner
- Na? Wei war's beim Arzt? Ich bin 4 Berliner",19950613
"- Ich langweil mich sooo...
- Verpiss Dich!! Okay.
-
- Und jetzt?",19950614
"- Schleich Di, Du Made! 's wird gleich grün!
- Die Dreharbeiten sind gleich zu Ende... Ihr dreht 'n Film? Geil! Komm' gerade von der Waschanlage! 'n Action-Film?
- ""Killerdeppen greifen an.""",19950615
"- Da! Schon wieder! Zwei Kerle! Un-er-hört!
- Und da! Ha! Zwei Weiber!! Skan-da-lös! Aach...nu' hör schon auf!
- Wir werden uns doch auch immer ähnlicher...",19959616
"- Duftmarken Kinderpost 15000 Eilsendungen-Marken-Kantenabstand-acht Millimeter! Stempel: mittig! Jawoll! Und wehe er versaut mir einen!
- Der Schalterdienst geht natürlich weiter! Jawollfrauoberposträtin! bonk
- Kannste nicht morgen in Vorruhestand gehen?",19950617
"- 'n Schizophrener-stark selbstmordgefährdet... Ich bin 2 Öltanks ? ?
- ...wollte sich in den Fluss stürzen... Verstehe... ? ?
- Und der andere? Polizei? Greenpeace. ? ?",19950619
"- ...und das ist mein Sofftier! *** *** * ** ** *** Aha...
- Wenn ich mit ihm allein bin, dann wird er ein richtiger wilder Tiger!! ** ***** * ** So was hab' ich auch...
- ...nur andersrum! ** ** ***** ***",19950620
"- O.K.-Wie Du willst, Rübennase! 12 Uhr! Hinterm Haus! Waffen? Wasser!
- *
- He! Wo sind die ganzen Eiswürfel hin?",19950713
"- Oooh! Kuck mal! Eine alte Lampe!
- Schnell mal reiben, vielleicht darf ich mir ja was wünschen... Pff! Ich will Kühe.
- Aach! Halt endlich die Klappe! Von Dir lass' ich mir doch nicht den Seeurlaub vermiesen!",19950714
"- Ich fürchte, ich brauch' eine Brille, Herr Doktor... Sieht so aus...
- Ist sowas denn teuer?
- Mal sehen... 100,- 275,- 380,- 450,- 599,- 680,- 888,- 1285,-",19950721
"- ?
- Oh, mein Gott...
- Satanisten-drittes Fegefeuer rechts...",19951017
"-
- 1 Perso-1 Schlüssel-3 Mark 28-1 Hasenpfote-1 Flitschgummi.-Hier unterschreiben!
- KLANK! Frei!
- Für 3 Mark 28 Currywurst und Bildzeitung bis zum Abwinken! Lange in der taz gesessen?",19951220
"- OK-jetzt noch das Ding da hochtauchen und Du hast das Abzeichen...
- He Sie!-da hat einer an meinen Beinen gegrapscht!
-",19960214
"- Hallo? ...hallo? ...hallo? Mist.
- Ich muss mal eben nach draussen-der Empfang ist hier so schlecht.
- Netter Versuch! Alt-aber ein Klassiker!",19960504
"- Fertig!!-Tiere? Was?! Dreck... Nix... Nix! Würmer! 20!
- Krankheiten? Ich war von Anfan an dagegen ""Stadt, Land Fluss"" mit... Nix... Würmer! 20!
- Stadt? Nix. Hmpf... Worms! 20!",19960713
"- Alles Gute-Stop-Sauf nicht so viel-Stop-Gruss Frieda. Und der Empfänger? Pachulke...
- Paula-Anton-Cäsar-Heinrich-Ulrich-Ludwig-Kaufmann-Emil. Is ja gut! Is ja gut! Ein Vorname reicht!",19960830
"- 1a Märkle POSTBANK CHRRR...PFFF...CHRRR
- DRING! DRING!
- Ein eine Mark Marke...",19961014
"- GESPERRT! ***
- He! Sie können doch nicht einfach die Leiter sperren! ** Do-och! Wie lange denn? Bis morgen früh!
- Mist... 5m",19961028
"- ** Ding Dong Ja doch! Was gibts? Guten Tag! GEZ! Besitzen Sie ein Fernsehgerät?
- Fernsehgerät? Kintop...der kleine schwarze Kasten...Pantoffelkino... Bewegte Bilder!
- Bewegte Bilder? Hee...
- tut mir leid- Bei uns kommen nur Talkshows! Wir kaufen auch nix!",19961121
"- Oh!
- Darf ich...?
- Naa-sind wir auch immer schön brav gewesen?",19961207
"- 'n Abend-is Ihr Mann da? Nee-der is auf 'ner Weihnachtsfeier... Ah-dann bin ich richtig! Ich hab ihn im Taxi-blau und pleite. Wenn Sie bezahlen, bring ich ihn hoch...
-
- 'n Abend-is Ihr Mann da? Nee-der is auf 'ner Weihnachtsfeier... Ah-dann bin ich richtig! Ich hab ihn im Taxi-blau und pleite. Wenn Sie bezahlen, bring ich ihn hoch...",19961219
"- Also-das ist ja wohl... Spielen und Hausieren verboten!
- Welcher Idiot hat schon wieder Weissglas ins Grünglas geworfen?
- Es war Pfefferminzlikör!",19970129
"- Hoi-hoi! Der ist aber dick, Mann. Familienfotos...
- Dann geb' ich Ihnen einen schöne, grosse, bunte Sondermarke... Es geschehen Zeiten und Wunder!
- Uups-gaaanz knapp drüber-da muss dann wohl noch eine drauf!",19970503
"- ...denn wie steht schon in 1. Petrus 5,7 geschrieben: ""Alle Eure Sorgen werfet auf ihn: denn er sorgt für Euch""
- Also, wenn die Seele mal zwackt: Gönnen Sie sich ruhig mal was und kippen Sie sich ordentlich einen hinter den Knorpel! Das glaubste aber! Gute Nacht!
- Das ""Wort zum Sonntag"" wurde Ihnen heute präsentiert von ""Graber Bestattungen""...",19970531
"- Woher stammt also die Bezeichnung ""Barbar""?
- Einzer? Von den Bärten der wilden Männer des Nordens!
- Sehr gut!
- Was verstehen wir unter einem ""Akt der Barbarei""?
- Huschke?
- Die Socken in den Sandalen der wilden Männer des Nordens...",19970618
"- DLRG
- Verdammt...Maulsperre!
- killekillekille",19970926
"- Also:
- Kasperle mit Patsch.
- Auftritt Krokodil.
- Kasperle: ""Hahaa! etc. etc.""
- KAsperle vertrimmt Krokodil.
- Abgang Krokodil. Alles klar? Hm.
- Hahaa...he! Was zum...?
- Memme!",19971023
"- rrrrrr...
- rrrrr... **Tüdelüt** Ja? Hallo?
- Und jetzt die Haare im anderen Ohr!",19980218
"-
- Geh' da nicht so nah ran! ...das ist tief!
- Quatsch! Nur stille Wasser sind tief!",19980520
"- ""Andrea""-""Andrea""!!
- warum haben denn nun Hochs immer Männernamen...
- ...und Tiefdruckgebiete Frauennamen?
-
- sie kommen öfter...",19980731
"-
- Anker lichten!
- Maschinen volle Kraft voraus!
- Steuer hart backbord!
-
- Alle Mann auf Kampfstation!
- Luken dicht!
- Alle Torpedos feuerbereit!
- Angriffstiefe 90 Fuss!
-",19980805
"- Red' Du mal mit ihm...ich geb's auf!
- Schau-andere Kinder freuen sich total, daß sie endlich in die Schule dürfen!
- Nicht allen gewährt das Schicksal ein glückliches zuhause...",19980904
"- ""Eigentor""
- öchö-öchö...dickeAugen-Nase rot...Schleimhaut stramm geschwollen... Auch beim Atmen grosse Not! Tempos?
- nur die vollen...
- Schönes Mädchen! So apart!
- wollte ihr ans Mieder...
- Virenherd! Bazillengrab!
- die küsse ich nie wieder!",19981024
"-
-
- Schon wieder Schnecken...was treibst Du eigentlich den ganzen Tag?",19981118
"- ""Besinnliches""-ahem...leise weisse Nebelwallen, feuchte Watte liegt auf allen grauen Feldern voller Ruh!... Krähen in den Gräben krächzen, nackte Bäume schlafend ächzen, Nebenhöhlen schwellen zu...
- Feuer prasselt in Kaminen, heisses Wasser mit Teeinen, in der Hand ein gutes Buch...
- Drausse leise Nebel wallen. Autos ineinander knallen, Winter kommt jetzt zu Besuch... chrrr...",19981120
"- Ahem... ""von drauss' vom Walde komm' ich her und äh...muss Euch...""
- MAAAMAAA!!
- Der Förster...",19981205
"- ""Manko""-ahem...diese Autos sind fantastisch durchzugskräftig und elastisch. Fahrwerk super (etwas tiefer). Farbton in metallic (schiefer). Servo, Niederquerschnittreifen. Ganz dezente Ralleystreifen.
- Airbag, Klima, ABS. Bis zum Abwinken PS.
- Fehlt noch für Schwarzbartherren Kleinhirnträgerwegfahrsperren!",19981212
"- *
- *
- ***",19990108
"- Er hat die volle Winter-Lethargie-bewegt sich kaum noch-Vitamine nutzen nix-ich dachte, vielleicht können Sie mit Akupunktur was machen... Hmm...
- AU!
- Eine Woche lang-ein Mal täglich-nach dem Essen...",19990306
"- ""Ja er ists"" ...ahem... Seht: Geschmolzen Schnee und Eis! Violett, orange und weiss Kroken aus der Erde kommen! Frühling, bists! Hab' Dich vernommen!
- Seh' Dein flatternd blaues Band! Süsse Ahnung streift das Land! Und auch Düfte-ach oh Lenz! Riechst nach Klo und Pestilenz!
- Eben noch von Freud' erfüllt
- schon perdu!
- der Bauer güllt...",19990312
"- ...8...9...10...
- ...29...30! ...ich komme!
- Na los-zeig Dich! ...ich geb' auf! He!",19990325
"- Oooh-'ne Schildkröte!!
- is' die süüüüüs... Bisschen schüchtern, was?
- Darf ich sie mal streicheln? Wie denn?
- Zum Doc",19990709
"- Hilfe!! Zu Hilfe!! So helfen Sie mir doch! . Ich werde verfolgt!! Tut mir leid... Ich bin nur für das nasse Element zuständig...
- Dann tun Sie was! ...sie will mich küssen!",20000314
"- Markwürdiges POSTBANK chrrr...
- BEDIENUNG!! Eineeinmarkmarke!
- Für mich noch'n Pils...",20000403
"- Sag mal-ist das nicht Dein Hubert? Dieser Drecksack!! Na warte-Dich stampf ich ein, Bürschchen!
- Contenance, meine Liebe! Dich an so einem Schuft noch beschmutzen? Ich würde das ganz cool mit dem Handy regeln... Du hast ja so Recht! Ich hatte mich vergessen...danke!
- POCK!!",20000729
"- Glauben Sie ja nicht, dass Sie mich mit so albernem Gepiesacke beeindrucken können! Ich war 40 Jahre lang der Boss des Syndikats-Dr. No ist gegen mich ein Teletubbie!
- Tj-ich bin nunmal ein harter Knochen-da kann man man nichts machen!
- Suppe.",20001026
"- DIE RACHE DER TELETUBEN ENDE Die Stimmung im Team wurde auch zusehends schlechter. Nochmal!!
- Und da ich als letzter kam, wurde ich als erster gegangen. * Hinke! Hinke! *
- Wie gesagt: Ich habe es vergeigt und ich habe mich damit abgefunden, Das einzige, was mich noch quält ist: Wie haben diese kleinen Teufel bloss den Sekundenkleber in mein Kostüm bekommen?!",20001125
"- Haushaltswaren? Durch die Parfümabteilung und dann die Rolltreppe hoch... Danke.
- Testen Sie ""Zlatko Noir""! ""Hop-Singh"" Der neue Herrenduft von ""Hoss""! Ein Pröbchen, ""Animaliman""?
- Warste wieder im Puff?",20001208
"- Oooch-kuck mal da!
- Ist der nicht süüüüüss?
- Ist der neu? Nö. Mit Bärwoll gewaschen.",20001211
"- Marken fürs Leben! POSTBANK chrrr... chrrr...
- BONK! AU!
- Wenn ich jetzt sofort meine Marke kriege...sag ich, dass es ein Arbeitsunfall war...",20010125
"- Platz da! Jetz' komm ich!
- Ja! He?!
- ?",20010219
"- Soo-jetzt stellst Du Dich hier hin...
- Und wenn Du dran bist, kaufst Du von dem Onkel eine Einmarkmarke.
- hier hast Du eine Mark!
- Geben Sie ihm lieber zwei!
- sie erhöhen das Porto längeren Zeitabständen...",20010404
"- Untern Zug gekommen? Berufsunfall... Stuntman?
- Grundschullehrer. Sport? Werken. Werken? Fragen Sie lieber nicht...
- Ah-Sie sind sicher das Laubsägenmassaker!",20010716
"- Guten Tag, Meiermann...verbinden Sie mich mit dem Kundendienst! Augenblick, bitte...
- Oh nein! Hör Dir das an! Warteschleifenmusik ""Classics""! Haha! * * * * * * ""Üb immer treu und Redlichkeit""-Plingpling! Das waren damals die ersten Anlagen! Die konnten nur das!
-",20011110
"- ** Tätää **hier kommt der grosse böse Räuber! Und-ohoo! Er hat den kleinen bösen Räuber auch mitgebracht! Hihi! Schön. Würdest Du bitte das Licht ausmachen?
- He! Plötzlich prüde geworden? Sollte mir da was entgangen sein? Ich fürchte, ja...
- Zum Beispial, dass ich die Vorhänge zur Reinigung gebracht habe...",20011121
"- ****
- Hehehe... Hihihi!
- Na? JA!!",20011201
"- Hallo Baum! Eh-hehe...ich bin eigentlich nicht so eine, die sich gleich jedem an den Stamm wirft... Eigentlich bin ich eher schüchtern, weisst Du?
- Und...und ich weiss auch, dass Zeit für Euch einen andere Bedeutung hat, als für uns hektische Entwurzelte... Aber... Ob Du Dir trotzdem ganz schnell einen Ast wachsen lassen könntest?
- Bitte!",20011204
"- Tschüs Tante Gunhild! Tschüs Onkel Hermann! Tschüs Oma! Tschüs Opa! Tschüs Onkel Kurt! Tschüs Onkel Friedhelm! Tschüs Tante Klara! Tschüs Inky und Dinky! Tschüs Lea! Tschüs Onkel Averell! Tschüs Tante Liselotte!
- Puh-alle weg! Endlich! Drei Tage reicht aber auch... Einer Deiner Cousins ist noch da! Der? Ich dachte, das ist einer von Dir...
- Ich? Ich bin der Postbote...ich bin in den Anreisesog geraten-darf ich jetzt gehen?",20011227
"- Und? Was macht Dein Heuschnupfen?
- HUACHU!
- pffrz...",20020429
"- Ah! Kruse-git, dass ich Sie noch treffe! Herr Dr. Sichler! Keien Unterricht heute?
- Dochdoc-ich habe gleich Vertretung...in der 9b... Oh! Ein übler Haufen! Sie sagen es, Kause, Sie sagen es...
- Geben Sie mir doch eine schöne grosse Schachtel Quietsch-Kreide... Material",20020920
"- Gratuliere! Sie sind kerngesund! Und Sie haben das Fahrgestell eines jungen Mannes! Verdammt...
- Hmmm...Tango...? Salsa. Der Kurs beginnt nächste Woche. Sie hat schon bezahlt...
- Ähm...sprachen wir schon über Ihre Hüftgelenke? ...Orte des Grauens!",20020924
"- Bääh-das ist eklig! Das ess ich nicht!
- Es gibt viele Leute auf der Welt, die froh wären, wenn sie so was bekommen würden!
- Wenn die wüssten, was es sonst noch so gibt, würden sie es auch eklig finden! OMMMMMMMMMMMMM... *
- Hunderttausend heulende und jaulende Höllenhunde!! Verfluchter Bockmist, verfluchter! Dreck! Dreck! Dreck!
- Jetzt hats mir wieder 'ne Füllung rausvibriert!",20020508
"- Naja, ein Waschbrett haben die Leute benutzt, als es noch keine Waschmaschinen gab...
- Das war so ein Brett mit Quer-Riffeln...
- Und wenn ein Bauch so aussieht, dann ist das ein ""Waschbrettbauch"". Ah! Verstehe! So wie der von Papa...
- Nein, das ist ein ""Faltenbalg""...",20020518
"- DLRG DLRG
- DLRG DLRG
- Du hast wieder Tierfilme geguckt... ""Flamingos am Kabimbi-See""!",20020603
"- Eine Einemarkmarke! Gute Frau, falls es Ihnen entgangen sein sollte... Jaja-ich weiss! Und Raider ist jetzt Twix!
- Wasist das? Ein Glas Selter. Und das? Ein Tempo. Und das? Spüli. Und das? Ein Stück Tesa.
- Sehen Sie.und das da ist eine Einemarkmarke. Egal, was Sie draufschreiben! Sie machen mir Kopfschmerzen... Nehmen Sie eine Aspirin!",20021109
"- Boh-was ist das?! Ich hatte mal einen korsischen Käse, der... Neinnein-das hier riecht eindeutig nach...
- ...Verwesung
-",20021217
"- Also, halbrechts ist eine Abfahrt für Anfänger, recht leicht. Weiter rechts für Fortgeschrittene... Und links, da muß man schon sehr gut sein! Wie gut sind Sie?
- Naja-sagen wir mal, die Richtung steht fest-was ist mit geradezu runter? Das ist für Anfänger...
- ...im Gleitschirmfliegen...",20030211
"-
- Oh! Mama! Mama! Kuck! Da!
- Der Verkehrskasper! *",20030219
"- Gute Güte! Ich sage Dir...sobald das Wetter schön wird, lassen sie wieder die Bekloppten von der Leine!
- Im Laden war eben einer von diesen Leuten, die immer so zwanghaft laut reden müssen...wie nennt man sowas gleich?
- Lehrer.",20030315
"- Ich meine ja nur, dass Du ihn langsam mal ein bisschen abnabeln könntest... Ich habe dieses Kind nicht unter entsetzlichen Schmerzen und dem Einsatz meines Lebens geboren, ...
-
- --um es dann sofort in diesen Dschungel da draussen zu stossen! Hubert! Trink Deinen Saft, wir gehen!",20030329
"- Du sitzt schon wieder vor der dämlichen glotze. Oh, Ihr Maschinenstürmer! Werdet Ihr nie die Faszination Internet begreifen!
- Ich hole uns die relae Welt ins Wohnzimmer! Da: Das ist eine Live-Kamera! Das kannst Du rund um die Uhr sehen, was gerade auf der anderen Seite der Welt passiert! Wahnsinn!
- Aha..oh-was war das? Da ist eben in China ein Sack Reis umgefallen.",20030514
"- Schauen Sie sich das gut an, Jasmin! Kein besonders schöner Anblick, gewiss... Aber stellen Sie sich mal vor, wieviel dadrin schon zerkleinert worden ist!
- Und das alles!
- Darf ich nach Hause? Mir ist schlecht... Mir auch!",20030524
"- Ausmachen! Wie meinen? Das Grillieren in öffentlichen Parkanlagen ist nur an den ausgewiesenen Stellen gestattet!
- Aha-und wo finde ich diese Stellen? Nirgends. Was solls-dann essen wir eben Brote...
-",20030726
"- Johoo! Und hier ist wieder Euer cooler Verkehrskasper mit seinem fetten Verkehrsquiz für Kids!
- Hey! Was bedeutet dieses voll krasse Schild?
- ""Vorsicht grosser Bruder!""",20030819
"- Viel zu tun, was? Na, Hauptsache, der Laden brummt!
- Was ist das hier? Ein mittelständisches Unternehmen oder was? Mein Laden brummt nicht.
- Mein Laden kreischt!",20030917
"- Okay-es verkauft sich noch nicht so gut wie das Geschwalle von diesem singenden Nussknacker-aber das wird noch! Ihre Autobiographie ist der absolute Hammer, Sie alter Schwerenöter! Hehehe...
- Die alte Dame hier zum Beispiel. Die mit dem roten Kopf. Kann gar nicht aufhören zu lesen!
- Das ist meine Mutter...",20031011
"- Ich bin ja eher so der flotte Frühlingstyp, sagt meine Typberaterin und ich krieg ja auch gleichDepris, wenn ich jetzt aus dem Fenster schaue... Und dann auch noch diese beknackte Zeitverdreherei!
- Wenn ich dran denke, dass es jetzt da draussen um diese Uhrzeit schon wieder total... Nicht! ...dunkel ist...
- Marke To Die For Postbank chrrr... Bravo!",20031101
"- Muss das sein, so früh? Sonst gehen uns die Frühschichtler durch die Lappen. Ausserdem sind müde MEnschen viel ruhiger.
- ngdingdongdingdongdingdong HRRRR!
- chrrr...",20031120
"- ?
-
- *",20040104
"- SECURITY CHECK
-
-
- --aus sicherheitstechnischen Gründen um einige Minuten verzögern...Ladies and Gentlemen, Flaight Number...",20040122
"- Soll ich schon mal reinspringen? Gemach! Gemach! Schwimmen will gelernt sein! Geht gleich los...
- Huark! Tja-Sie wechseln wohl besser erstmal das Wasser... Tschüss!
- Gute Arbeit! War mir ein Vergnügen, mit Ihnen Geschäfte zu machen...",20040419
"-
- So! Der ist leer! Puh! öchö...
-",20040503
"- Lalü-lalü... He! Was zum...
- Auseinander! Sofort!
- Herrgott-wenns juckt...",20040610
"- Pilze sammeln-tolle Idee. Und wenn wir keine finden, gibt's wieder Nudeln. Wir lassen finden! Ich habe einen Plan.
- Amateuer benutzen Plastiktüten. Profis nehmen Stoffbeutel. Wir folgen einfach dem nächsten, der mit einem Stoffbeutel in der Hand ins Unterholz verschwindet! Das ist dann ein Profi!
- Oder ein Ossi, der pinkeln muss.",20041001
"- Raus da! Sofort! Dein Platz ist auf dem Kindersitz!
- Hast Du an irgendwas rumgedaddelt? Was? Wer? Ich? Nein! Ich schwörs! Na gut-ich muss zu einem Termin. Mach das Tor auf!
- ""...an der nächsten Ampel rechts abbiegen..."" ?",20040303
"- Ka-tschumm! Ka-tschumm! Na los! Komm schon! Komm! Ka-tschumm! Keine Reaktion!
- Mehr Saft! Schnell! Ich erhöhe auf ""Leinen""!
- Verdammt! Wir verlieren ihn!",20040326
"- Die Leute sind echt Arschlöcher! Keiner hat mich lieb... Wem sagen Sie das...
- Auch Lehrere? Meteorologe.
-",20040717
"- ** Ding-Dong ** Ah-Hallo! Kommt rein!
- Da ist noch Wasser und Cola. Die anderen sind schon alle drüben. ? ? Ist nicht mehr viel.
- Nudelsalat und Bier gibts in der neuen Wohnung!",20040903
"- HALT! Kann ich mal sehen, was Du in Deinen Taschen hast? Was? Wer? Ich? Nix!
- Fünf Kilo Gummibärchen! Einfahc mitgehen lassen! Woanders würden Sie Dur die Hand dafür abhacken! Ach was! Bei Penny erwischen die mich nie!",20041006
"- Ein Zimmer mit Blick auf die Wüste, wie schön! Verdammte Affenhitze... He! Hier gibts sogar frische Kleidung zum Wechseln!
- Touristen! Deutsch. Woran siehst Du das? Billich! Cheep! Pas chair!
- Sie tragen Hoteltischdecken auf dem Kopf.",20041009
"- Huh-ist das kalt geworden! Wir sollten die Wintermäntel rausholen...
- Ich hoffe, Du hattest genug Lavendelsäckchen reingetan! Was? Selbstverständlich!
-",20041125
"- Das ich das mal sage: Keine schnelle Bewegung! Oh Gott...sind Sie sicher...? Verdammt-einer muss es tun!
- Drei Kabel...rot, gelb, blau...ich durchtrenne das...äh...das rote! Das blaue! Das gelbe? Ich kappe alle! Nein!
- ** JINGLE BELLS! JINGLE BELLS! **",20041204
"- Blöde Viecher! Die Vögel mögen unseren Meisenknödel nicht.
- Da steckt mein halber Kühlschrank drin! Das könnt Ihr nicht einfach wegschmeissen! Wenns keiner fressen will!
- Ketchup?",20041218
"- Liebe Eltern! Und nun für Euch, zum Fest der Liebe, die Weihnachtskantate Nummer 273 in C-Dur von Alberto Grissini für Cembalo und Harfe.
-
- As technischen Gründen jetzt doch ""Ihr Kinderlein kommet"" für Blockflöte und Becken...",20041224
"- BRETTL SKI BRETTL SKI GIGANTIC SPORT GIGANTIC SPORT
- Das waren die Favoriten des heutigen Schanzenspringens... ...und nun kommen wir zu einem Athleten, für den Dabeisein alles ist.
- HIER KÖNNTE IHRE WERBUNG STEHEN HIER AUCH HIER AUCH UND HIER",20041231
"- Das darf ja wohl nicht wahr sein.
- Welcher Trottel dreht die Heizung auf volle Pulle und reisst alle Fenster auf?!
- ** WINTER ADE!! **",20050308
"- Mein Mann braucht ein paar neue Schlüpfer. Men's Point . Welche Grösse? Acht. Sechs. Mit Eingriff? Nein. Ja.
- Werd' ich vielleicht auch mal gefragt?! Zahlen Sie bar oder mit Karte?",20050405
"- Sitz! Attila! Sitz! Schnell, eine Einemarkmarke! Ich kann nicht mehr lange für ihn garantieren! HAUHAUHAU!
- Pah! Das ist ja bloss ein alter Pekinese. Hrrr... He, er war die Filmstimme vom ""Hund von Baskerville""!
- Und auch seine Blase... *",20050412
"- Okay-wir haben zwei 50er, sieben 20er, acht 5er. zwei 2er und elf 1er. Die Weingummikakerlaken kosten 78 cent das Dutzend und drei Klebekäfer 1Euro50. Was können wir uns kaufen?
- Ich krieg Kopfweh... Oh mann...so viel Kohle und dann uz doof... Die Zeitungen sind voll mit doofen reichen Säcken! Wie machen die das?
- Würdest Du uns für 20 Cent was ausrechnen? Idiot! Zehn!",20050421
"- Die ist der weltweit erste computergesteuerte Postwertzeichenautomat mit Spracherkennung! Herr Minister, wollenSie...? Nein? Dann vielleicht jemand aus dem Publikum?
- Sie sagen einfach, was Sie haben wollen und werfen dann eine Münze ein. Die Dame hier vorne, ja? Vielleicht von hier, wegen der Kameras?
- Er ist in den Sleepmodus gefallen... Vor versammelter Presse, gratuliere! Er hat keinen Sleepmodus!",20050503
"- Da kommt die Konkurrenz! Achte auf Deine Haltung!
- Ich will keine Stöcke klappern hören! Und es wird natürlich nicht gegrüsst!
-",20050528
"- Ich hab meinen Keller aufgeräumt. Und meine ganze alte Marmelade bei Ebay für ein Vermögen verhökert!
- 1A Ware. Völlig unbelastet. Nach Adol und vor Tschernobyl. Bah! Da war doch garantiert so hoch der Schimmel drauf!
- Die Auktion für die Design-Filzuntersetzer läuft noch...",20050611
"- Wie lange soll ich denn noch hier rumstehen? Was wirft man mir denn vor? Grünmeise. Grünmeise?!
- ""Dämliches Gehupe sofort wenns grün wird"". Schulz!
- Ins Schalmeienorchester.",20050616
"- Als, Herrschaften! Die Stöcke setzen, wie wir es geübt haben. Zügig laufen...
- Und schön zusammenbleiben, Aber nicht zu eng aufeinander! Sonst verhakelt sich einer...
- Und wir haben wieder Idiotenmikado.",20050707
"- Hallo! Hallo! Hallo! Äh...hallo! Hallo!
- Chantal-Du musst jetzt sehr stark sein... Hab ich einen Pickel?!
- Du bist nicht berühmt! Die wollen alle bloss was bestellen!",20050818
"- Eingeschult-wie das schon klingt! Eingeschult, eingetütet, eingemottet, eingemacht. Ich weiss ja nicht... Schule ist absolut wichtig. Da lernt man alles, was man wissen muss!
- Das sagst ausgerechnet Du?! 13 Jahre Schule (netto), abgeschlossenes Hochschulstudium, Wiwaweiterbildungen und 4 Kilometer Bücher gelesen.
- Und alles, was ich Dich frage, weisst Du aus der ""Sendung mit der Maus""!",20050913
"- Ich bin um die Welt gefahren. Mit dem Fahrrad! Ich war überall! Und jetzt muss ich gleich ins Fernsehen. Live!
- Na, dann machen Sie mich mal wieder salonfähig!
-",20051028
"- Mein Sohn, ich muss mit Dir reden. Ich wars nicht! Du bist jetzt alt genug um enige Wahrheiten verkraften zu können...
- Du musst jetzt sehr stark sein: Der Wehnachtsmann...das bin ich! Du sagst, Du bist der Weihnachtsmann? Ich bin der Weihnachtsmann!
- Das ist schon okay...ich werd Dich auch im Heim besuchen!",20051206
"- Dass die hier keine Alarmanlage haben... Wozu?
- Wer klaut schon Chlorwasser? Aber es ist doch geschlossen. Die merken das doch gar nicht! Hey, das sind Bademeister!
- Hallo Leute! Nachts lassen wir den Hai raus. Euer Bademeister",20060213
"- Ein Traum. Das ist ein Traum. Das ist ein Traum. Das ist ein Traum. Das ist ein Traum.
- Ja, nicht wahr? Ein Traum von einer Hölle! Es gibt Dinge, da darf man nicht sparen.
- Sie sollten meine Küche sehen!",20060328
"- Ich will ein Pferd haben! Alle haben eins! Aber ja. Kein Problem. Als allererstes verkaufen wir Deinen Bruder.
- Dann ist in seinem Bet Platz für das Heu. Pullern kann das Pferd in Dein Sandeimerchen und die Pfereäpfel nimmst Du mit in die Schule und verschenkst sie an Deine Freunde. Schon gut. Vergiss es.
- Ich nehm den Gaul!",20060502
"- Haben Sie eine Kundenkarte? Kundenkarte? Bei der respektablen Liste kleiner Vergehen hätte man die Ihnen längst anbieten müssen! Ich geb Ihnen noch schnell eine...
- Möchten Sie in Einzelposten sühnen oder unser attraktives Pauschalangebot für Inhaber von Kundenkarten in Asprich nehmen? Pauschal! Schulz!
-",20060615
"- Diese Verbrecher! Meine Bilder! Zerstört! Heute Nacht! Zerschnitten! Besudelt! Mit Säure übergossen! Die ganze Arbeit! Die Vernissage! Das ist das Ende.
- Junger Freund, dies ist die Stunde des Galleristen! Sie müssen jetzt viel innere Stärke beweisen...
- Das merkt doch keine Sau!",20060617
"- ** Ding Dong Deine Handtaschen werden auch immer grösser! Muss das sein?
- Guten Morgen! Wir möchten uns mit Ihnen ausführlich über ein wichtiges Thema unterhalten. Und ich werde Ihnen gesnüsslich die Tür vor der Nase zuknallen.
- Hervorragende Idee, die Tasche in die Tür zu stellen! Wo hast Du den Amboss her?",20070112
"- Von uns Kindern bekommt Papa zum Fünfzigsten ein Navigationsgerät für seinen neuen Flitzer.
- Damit er auch mal alleine Rumbrettern kann. Und von Mutti bekommt er die Stimme dazu. Süss! Nach der nächsten Ampel bei der ersten Möglichkeit rechts abbiegen...
- ...äh...links.",20070308
"- Fröhliche Ostern! Hast Du Feuer? Aah! Ralf! Äh...nein. Kein Feuer. Nimm den Gasherd...aber ich dachte, Du rauchst nicht...
- Ein Wort und ich streich Dir die Eier!
- Mama! Mama! Der Hamster raucht!",20070407
"- Wir kriegen ja jetzt auch ein Internet... Ah ja? Fein.
- Ja, ich hab einfach mal so ein DSL bestellt. Sehr gut. Wie schnell?
- Oh-wir warten erst 4 Wochen...",20070511
"- Fluch und Segen der Volkshochschule...
- Der Häkelkurs geht walken.
-",20070703
"-
- GRÜEZI PETER!
- Heidi, Du dummes Chäsfondü! Du hast die Ziegen erschreckt! Jetzt liegen sie wieder alle unten im Tal!",20070801
"- Im Ernstfall wären hie rim Westen als erstes alle Schwimmbäder atomisiert worden. Kabumm!! Die Sowjets hielten die 10-Meter-Bretter für getarnte Raketenrampen.
- Auf den Fotos ihrer Spionagesatelliten kamen sie ihnen einfach viel zu gross vor. Natürlich gab es überall im Ostblock auch 10-Meter-Bretter.
- Aber sie hatten immer nur Material für 5 Mter.",20070917
"- Früher waren Missernten eine Katastrophe! Deshalb stellte man einen Bauern mit gutem Gedächtnis... ...auf so ein 10-Meter-Brett.
- Zur Wetterbeobachtung. Aus der Zeit stammen die Bauernregeln. Und wenn er sich mal geirrt hat?
- Dann gab es immer noch die Götter. Aus der Zeit stammt auch das Bauernopfer.",20070924
"- Wie? Du bist der Weihnachtsmann? Jau. Höchstpersönlich.
- Wahahaha! Ja, klar. Und ich bin der Osterhase!
- Tatsächlich. Entschuldige. Ich konnte Deine Ohren nicht sehen, Kollege.",20071208
"- Okay...wir starten mit dem Oh, Du Fröhliche/Stille Nacht Medley und gehen direkt in IhrKinderleinKommet. Aber bitte mit Schmackes. Hallo?! Was machst Du da?
- Unsichtbare Töne! Unhörbar. Es heisst unhörbar! Hallo Papa!
- Draussen ist alles voller Hunde!",20071222
"- Flaschenpfand Was ist? Tun Sie doch endlich Ihre Flaschen rein!
- Ich muss doch sehr bitten!
- * Hier warten Diskretionsabstand",20080104
"- Die Wiege des 10-Meter-Bretts ist Amerika. Ursprünglich wurde es als 1-Meter-Brett Entwickelt.
- Aus Sicherheitsgründen musste man den Sockel um 9 Meter verlängern. Aus Sicherheitsgründen?!
- Man brauchte Platz für die Aufkleber mit all den Warnhinweisen.",20080108
"- Ist der süüüss! Der?! Ein Langweiler. Der verkleidet sich nie. Du meinst, der ist echt?
- Waschecht! Und furchtbar schüchtern- Sei behutsam, falls Du was vorhast... Ich lass mir was einfallen!
-",20080204
"- Wer kommt mit, eine rauchen? Ralf, Ralf...Du rauchst wieder?
- Nein. Aber ich kann doch nicht meine ehemaligen Rauchpartner im Regen stehen lassen. He! Wartet! Es regnet doch gar nicht...
- *",20080308
"- Immer mit Gummi! Nie ohne Gummi! Merkt Euch das endlich mal!
- Ohne Gummi ist lebensgefährlich!
- Manche Leute reagieren über, wenn sie kratzende Stockspitzen hören! Walküre",20080423
"-
- Gebrochen ist nichts. Einen ordentlichen blauen Fleck wirst Du allerdings ein Weilchen haben. Aber das ist ja nicht so schlimm. Glauben Sie!
- Hä hä hä! Arschgeweih! Arschgeweih!",20080424
"- Kraftvoll wirft sich der Springer in die Weite des Himmels... ...einen Augenblick schwerelos verharrend...
- ...stösst er kormorangleich hinab, in gleissender Fontäne die Fluten durchschlagend. Und wir rufen ihm zu:
- He! Wieder keinen Fisch erwischt?",20080513
"- ** Palimpalim **
- Tür zu!
- Ist gerade ungünstig. Mein Mann grillt. Auf dem Balkon.",20080520
"- Polizei! Das Spiel ist aus! Fallen lassen! Ich sagte: Fallen lassen! Päng! Bäng! Päng! Päng! Päng!
- Päng! Päng! Päng päng...
- *",20081111
"- ALDI Maestro-ich habe gesündigt! Ich hab mir die Haare selbst gefärbt...es sah grässlich aus... Dann hab ich versucht, es wieder raus zu bleichen...
- Maestro-helfen Sie mir! Ich hab gleich einen wichtigen Termin-können Sie schnell etwas tun, damit ich besser aussehe? Mon dieu! Sicher...
- KaDeWe",20081125
"- Ein Dutzend von den grossen Raketen da oben, bitte. Die darf ich Dir nicht verkaufen, zu gefährlich. Knallerbsen kannst Du haben.
- Zu gefährlich? Das ist albern! Die fliegen doch weg! Knallerbsen bekommt man ins Auge geworfen! Verdammt!",20081231
"- Raketen erst ab 18!
- Wir müssen den Start ein paar Jahre verschieben.",20881231
"- Sie müssen mir jetzt meine Rechte vorlesen! Ihre was? Meine Rechte! Ich kenn mich aus!
- Ach so...äh...pfff...ah, hier: Sie haben das Recht zu schweigen. Na also. Geht doch.
- Nein. Geht nicht. Ah!",20090527
"- Hallo! Ich bin der Holger! ...und wer bist Du?
- Ich bin die Geissel der Menschheit...
- Bei welchem Sender?",20090709
"- Machen Sie ihm was süsses freches zum Schulanfang! Und Du bist brav! Bis dann!
- Was süsses freches...Du willst doch nur ein niedliches Klassenfoto zum Angeben! Aber hier geht es um mehr!
- Machen Sie mir eine schicke Business-Frisur!",20090908
"- Wie oft noch? Das kann ich so nicht annehmen. Sie müssen das Adressfeld schon ordentlich festkleben! Das hält. Das bezweifle ich.
- He! Au!
- Sehen Sie? Hält bombenfest. Diese Haftcreme ist ein Teufelszeug!",20090910
"- Äh...bin ich die Einzige? Wo sind all die anderen? Im Heidepark Soltau. Betriebsausflug.
- Das ist ja wie im Paradies! Oh nein! Schulz!
- Er steuert die Achterbahn. Kamikaze",20090918
"- Halt! Tun Sie das nicht! Das ist Wahnsinn! Das sind 10 Meter! Das Wasser ist wie Beton! Das ist wie von einem Hochhaus springen!
- Schau mal, sind das nicht Direktor Knösel und seine Partner von der Hippo-Megainvest Bank? ** Huhu! ** Köselchen!
- JUMP! You Fuckers!",20090928
"- Du meine Güte, Regine! Bist Du das wirklich?! Du siehst 10 Jahre jünger aus! So...straff!
- Du Miststück-jetzt muss ich mir auch diese ganzen grässlichen kleine Fältchen wegmachen lassen! Ich brauch unbedingt die Nummer von Deinem Gesichtsklempner! Ich ruf Dich an! Tschüsschen!
- Lassen Sie die Lockenwickler doch bitte noch ein bisschen drin.",20090929
"- Einen Milchkaffee und...welchen Kuchen würden Sie mir empfehlen? Keinen.
- Kindchen, da sind doch mindestens 10 Kuchen in der Vitrine! Und davon können Sie keinen empfehlen? Schantall?
- Welchen von dem Kuchenzeug macht am wenigsten noch fetter?",20091114
"- Und? Auch die üblichen guten Vorsätze für das neue Jahr? Die üblichen...? Na, mehr Bewegung und so.
- Mehr Bewegung...Sie haben Recht, ich sollte mich wirklich mehr bewegen. Danke! Och-dafür nicht. Schulz!
-",20100105
"- Ihr seid so peinlich! Wieso können Eltern nie zuhören?!
- Wir haben gesagt, wir gehen als Na'vi, diese blauen Ausserirdischen aus dem Film Avatar! Wir alle!
- Blau! Sag ich doch!",20100213
"- So, junger Mann, dann sag doch mal: ""A"". Aah! Ein Irrenarzt!
- Komm sofort wieder rein! Zu dem Irren? Das ist ein ganz normaler Onkel Doktor!
- Normal? Mit einer Satellitenschüssel am Kopf?",20100409
"- He! Aufpassen, Sie Rüpel! Wir sind hier nicht beim Wasserball!
- Unverschämtheit! Wieso hast Du diesen Fatzke nicht getreten? Hab ich. Hast Du nicht! Hab ich!
- Ach. Und wieso sehe ich dann keine Blutspur im Wasser? Ich war bei der Fusspflege.",20100412
"- Aber nur 1 Bier! Ich muss morgen früh raus...
- Was gibts zu glotzen? Noch nie 'ne schöne Frau gesehen? Is' das hier 'n Knackitreffen, oder was?
- Du stehst vorm Bildschirm... Tor!",20100629
"- Ich hab einen Wunsch frei? Ich? Ich darf mir was wünschen? Hab ich wieder genuschelt? Ja. Einen Wunsch frei. Du. Und zwar ein bisschen plötzlich.
- Oh! Puh...was wünsche ich mir denn da? Oh! Puh...äh...ich wünsche mir...puh...
-",20100710
"- Wir sind beide eingeladen, also gehen wir auch zusammen hin! I'm soooo sorry. Ich darf nicht. Ich hab ein Attest. Tut mir leid.
- Karnevalsmusik versetzt mich in lebensgefährliche Erregungszustände! Hier, bitte. Aber wenn ich irgendwann mal nichts mehr höre, gehe ich natürlich gerne mit! Was wäre denn das Motto gewesen? ** Hellau! Kommt rein! Hallo Horst! Gartenparty <---",20110305
"- Ich brauch ein neues Outfit! Ich kann diesen praktischen Kram nicht mehr sehen! Ich will was frisches, jugendliches! MODA ZZ Ich will wieder wahrgenommen werden!
- Ich seh schon. Gut...ziehen Sie mal das, das, das, das, und das hier an. Schuhe bringe ich gleich, und mit den Haaren müssen wir auch was machen! Bist Du überfallen worden?",20010312
"- Hast Du das Kostüm zu heiss gewaschen? Nein, der Herr Osterhase ist fett geworden.
- Egal, dann versteck ich die Eier eben schnell so. Und wenn sie Dich sehen? Lass ihnen doch noch ein bisschen Illusion!",20110324
"- Entspann Dich! Du wirst nicht ertrinken. Ich bin Doch bei Dir.
- Kann ich eine Augenbinde haben? Das ist doch keine Hinrichtung!
- Nennen wir es Blindverkostung.",20110411
"- HUCH! ?
- Mein Stock ist abgebrochen! Einfach so! Sabotage! Da sind tiefe Kerben!
- Was lief denn gestern im Seniorenkino? Ben Hur!",20110521
"- Als es zu Ende ging, sah ich ein helles Licht am Ende des Tunnels! Ein helles Licht? Eher links oder rechts?
- Was...äh...also, vom Bett aus gesehen, eher so rechts im Tunnel Schulz!
- Dein rechter Scheinwerfer ist im Einer.",20110716
"- Machen wirs kurz, ich hab gleich Feierabend. Ich: Gute Fee. Du: Einen Wunsch frei. Zeit: läuft.
- Ich wünsche mir, dass alles, was ich berühre, zu Gold wird! Du kriegst da'n Pickel auf der Nase.
-",20110723
"- Den Baum berühren...den Baum spüren...eins werden mit dem Baum. Wow!
- Darf ich ein Foto machen? Das mail ich meinen Freunden in Schweden! ` Bringen Sie es persönlich hin! Am besten gleich. Tschüs!
- ÜKEA RANKHILFE UMÄRMLA EUR 4,99",20110820
"- Man hat ihn in der Sanitärabteilung gefunden. Völlig dehydriert. Er muss schon den ganzen Tag hier herumgelaufen sein. Die Füsse sind voller Blutblasen.
- Du wolltest doch nur ein kleines Dingsbums kaufen! Haben sie nicht. Hast Du mal gefragt? Männer fragen nicht. Männer suchen erstmal.
- Diese langen Öffnungszeiten sind männermordend!",20110913
"- Ich hab einen Wunsch frei? Ja. Nur eien Jaa. Jetzt gleich? Jaaa!
- Gut. Dann wünsche ich mir...hehe...ganz viele Wünsche!
- Oh! Hast Du mal 'ne Münze? Ich will mir was wünschen!",20110917
"- Ähm...ich habe einen Termin zur Vorsorgenuntersuchung. ...Prostata. Ah-einmal die kleine Hafentundfahrt, ja? Oh-das erste Mal?
- Einfach schön entspannt bleiben! Sie haben Glück, der Chef hat heute gute Laune. Er macht schon den ganzen Tag Scherze! ***
- Lassen Sie mich durch, ich bin Arzt!",20111112
"- Sagen Sie, wo sind denn die ganzen Promischurken? Adolf, Josef, Mao, Idi, Pok, Nero und Konsorten? Kann man sich die mal ansehen?
- Die stehen im Wachsfigurenkabinett. Ja, ich weiss. Aber ich meine die echten! Die stehen im Wachsfigurenkabinett.
- Natürlich ausschliesslich bei pubertierenden Schulklassen!",20111126
"- Ich sehe in Mittelgebirge im Osten. Und ich sehe ein grosses Laster... R
- Das ist völlig unmöglich! Sie wusste, dass ich auf dieser Gesundheitsranch war! Die kennt mich doch gar nicht! Was für eine Ranch? Meine Entziehungskur! Vier Wochen Nichtrauchen!
- Das has ihr der Teufel gesagt! Original Räuchermännchen Erzgebirge R R",20111217
"- Frostschutzmittel. Bis Minus 50 Grad. Wow! Nicht trinken! Das ist ungesund!
- Für wie bescheuert hälst Du mich eigentlich?
- Furchterliche Kälte, was? Aber manche sind echt hart. Im Hof steht so ein Knirps, splitternackt! Und schmiert sich mit irgendwas ein.",20120202
"- Äh-erinnnern Sie sich an meine letzten Worte? Ich nämlich nicht. Was ist heute für ein Tag?
- Samstag. Vermutlich: ""Oh, geil!"" Oh. Sicher? Ja.
- Samstags trägt er immer dieses blöde T-Shirt.",20120414
"- Das wichtigste für die Motivation vor Schwimmkursen ist ein gutes ""Warming-Up""!
- Gib mir ein S! Gib mir ein E! Gib mir ein E! Gib mir ein P! Gib mir ein F! Gib mir ein E! Gib mir ein R! Gib mir ein D! Gib mir ein C! Gib mir ein H! Gib mir ein E! Gib mir ein N!
- Ferndepesche.",20120423
"- Hilde...? Karl...? Gott, ist das lange her! 60 Jahre?
- Weisst Du, dass ich damals furchtbar in Dich verliebt war? Was? Wieso hast Du mich dann nie ins Wasser geschubst? Ich war doch so in Dich verliebt, Du Hasenfuss!
- Glotz nicht so blöd! Pack lieber mit an!",20120508
"- DR.SPECHT IST EIN DOFER LEHRER UND WIR WISSEN WO ER WOHNT! ANONYMUS
- Ey-Klöppi! Neben Deinem Graffiti an der Turnhalle hängt ein Zettel!
- Anonymus hat eine signifikante Sauklaue, heisst Andreas Klöpke, und ich habe die Telefonnummer seiner Eltern. Dr. Specht",20120519
"- Was tust Du?!
- Ballast abwerfen! Ich befreie mich von diesem albernen Sport! Endlich!
- Ich habe keine Lust mehr, meine Zeit mit zwei Stäben in den Händen zu verbringen!
- 761 167",20120609
"- Ich will nicht zu den hyperaktiven verhaltensgestörten Minimachos und den überkandidelten Heulsusen-Prinzessinen Mit Blödmann-Eltern! Aber da sind doch auch ganz viele nette andere Kinder.
- Die sind alle doof wie nasser Torfsoden oder platzen bald, weil ihre Eltern sie mit Mist vollstopfen! Moment!
- Ist Deine Mama Lehererin? Nein! Sie ist Burnout!",20120918
"- Ich hab einen Wunsch frei? Dann will ich irgendwohin, wo es schön warm ist!
- Äh-das ist schlecht. Das ist alles ziemlich ausgebucht. Legen Sie Wert auf Strandnähe? Nö. Hauptsache schön warm.
- ?",20130119
"- Wenn Sie sich beeilen, kann ich noch schnell einen Wunsch erfüllen. Gross 0,50.- Klein 0,30,- Daneben 10,-
- Ich beeil mich ja! Ich wünschte, meine Prostata würde das auch tun! Äh...
- Wow!",20130216
"- Ich hab hier mittig öfter mal so ein Zwacken. Soll ich mich frei machen? Noch nicht.
- Hoppla. Oh, würden Sie mir bitte meinen Kuli aufheben?
- Was sagt der Arzt? Ich soll mir Stretchhosen kaufen.",20130321
"- Hallo, ich bin die gute Fee, und wenn Du Dir was gewünscht hast, ha ich endlich Feierabend. ***
- He! Was wünschen! Watt...? ***
- *** *",20130406
"- Hi! Ohje, ist das schon wieder spät. Okay...Sie haben, naja, sagen wir, einen Wunsch frei. Geil!
- Ich will endlich mal einen Riesen Koffer voller Geld finden!
-",20130817
"- Der Cappuccino ist für den Herrn mit dem Bart. Ich hatte einen Espresso bestellt! Sie sollten sich Ihre Gäste besser anschauen! Ich habe ein hervorragendes Personengdächtnis!
- So, bitte, Ihr Espresso.
- Haben Sie nicht!",20131005
"- Hoch droben im Dach des brasilianischen Regenwaldes erspähten seine scharfen Augen einen fetten Brüllaffen. Leichte Beute.
- Geschmeidig richtete der Jäger seine lautose Waffe auf das ahnungslose Opfer.
- Erst Luft holen, dann das Blasrohr ansetzen! Rief fröhlich das süsse Äffchen. Aber wem sag ich das. War doch sicher mit Curare.",20131012
"- Moin! Heute ist Ihr Glückstag! Ich habe noch einen Wunsch zu vergeben. Für Schnellentschlossene! Mein Glückstag?
- Dann möchte ich endlich wahre, reine, aufrichtigem immerwährende, grosse, unendlich tiefem leidenschaftliche Liebe finden!
- * * *",20131019
"- Du spielst ja immer noch! Ichspiele nicht!
- Ich schreibe einen epochalen Leserkommentar, der die Welt erschüttern wird! Es sieht aber aus wie Spielen!
- * Man muss vorher einen Alkoholtest bestehen.",20131026
"- Mit den Bussen können Sie da nicht stehen bleiben! Die blockieren die Hofeinfahrt! Der Pannendienst ist unterwegs! Könnten Sie irgendwie 120 Cappuccinos besorgen? Geld spielt keine Rolle!
- 120 Cappuccinos? Klar haben wir Kaffee! Und wie willst Du so viel Milchschaum machen? WUUUH! Laubex",20131116
"- Meine Damen und Herren, heute kochen wir Huhn in roter Tunke! Dazu benötigen wir ein... * Tri-Tra-Trullala! **
- Spinnst Du?! Das ist eine Live-Sendung! Du kannst doch keine nackten Hühner tanzen lassen! Geh Backstage zu Mama!
- Ääh...Huhn in roter Tunke. Dazu benötigen wir ein... * Tri-Tra-Trullala! **",20131123
"- Oh-ichdachte, es wäre um diese Zeit etwas leerer. Seniorenschwimmen.
- Kann ich trotzdem ein paar Bahnen kraulen? Aber sicher. *
- Bring ihm einen Haikäfig.",20131202
"- Haben die hier auch Sojamilch? Ich hab eine Laktoseintoleranz und wenn ich jetzt noch Coffein zu mir nehme, mache ich heute kein Auge mehr zu! Eine Leidensgenossin!
- Fräulein Blüml, wollen wir mal etwas ganz verrücktes tun? Fräulein Blüml, Gisela, wollen wir gemeinsam die Nacht durchpupsen? Ich...ja!
- Zwei grrrosse Milchkaffee!",20140118
"- Guten Tag! Ein Kilo Sitzfleisch, bitte! Was? Sitzfleisch! Meine Eltern sagen, ich hätte keins. Brauch ich aber. Dringend!
- Und? Hast Du Sitzfleisch bekommen? Nö.
- Aber der Metzger sagt, Hirnschmalz geht auch.",20140222
"- Natürlich hab ich Kohle! Ich hab mein Leben lang geschuftet wie ein Tier! Da hat man halt irgendwann ein paar Millionen!
- Das ist doch keine Sünde! Geld stinkt nicht! Sie waren eine ganz gute Partie. Eine gute Partie? Hahaha! Ich wa rnicht",20140319
"- Beeil Dich, wir müssen los! Ich brauch noch ein Stück Draht! Da im Schränkchen, linke Schublade. Beeil Dich!
- Und ei Halstuch.
- Jetzt sieht es auf den Satellitenbildern wenigstens so aus, als ob wir schnell wären!",20140318
"- reich, ihch war...
- ...stinkreich.",20140319
"- Ihr Espresso. Mmh...danke.
- Ähm...Sie heben mir versehentlich einen mit Milchschaumhäubchen gebracht. Macht nichts, schon okay. Interessanter Geschmack! War das Sojamilch? Äh...ja...Sojafreie Sojamilch. Pardon.
- Die Tauben brüten wieder über Tisch 3.",20140503
"- Hallihallo-ich bin die...ach, egal. He! Du mit der Mütze! Du darfst Dir was wünschen. Aber fix! Ich? Oh! Hm...keinen Hunger mehr? Oder Weltfrieden? Hm...
- Nein! Ich will selbstredend der beste Fussballer der Welt sein!
- Daneben! Ronaldo weint. Flasche! Ich hätte den reingemacht. Chips",20140510
"- Doc Wiedersehen. Tschüss. Gute Besserung!
- Der Herr Klöpke scheint seine Spritze nicht gut zu vertragen! Mit einem angestochenen Hintern laufen Sie auch komisch.
- Er hat sich aber den Bauch gehalten! Das ist normal. Er klaut immer die Autozeitung.",20140530
"- Lange nicht gesehen... Ich hab' eine Freundin auf einer Kreuzfahrt begleitet... Toll! Karibik? Hurtigruten? Santiago de Compostela.
- Sie meine, Sie waren auf einer Pilgerfahrt. Mit dem Bus! Non Stop! Klo auf dem Gang! Und es wurde gesungen!
- Das kam einer Kreuzigung schon sehr nahe.",20140717
"- Der Fahrstuhl ist defekt. Viel Spass!
- Können Sie uns mitnehmen? GUCKSTDU CLEAN Eigentlich nicht. Aber...?
- Hanni Nanni",20140730
"- Und Du lernst nachher schwimmen, Freundchen! Haha! Hören Sie auf! Sie sind doch gar nicht für mich zuständig! Sie sind doch der Schwimmeister. Ich bin aber Nichtschwimmer!
- Für mich ist der Nichtschwimmermeister zuständig!
- De rist ertrunken.",20140825
"- Hallihallo! Ich bin die gute Fee und hätte noch einen Wunsch zu vergeben! Interesse? Dann aber hurtig!
- Ich hätte gerne Superkräfte!
- Das ist der Herr Knöbl, der starrt bei uns die Löcher in den Käse.",20140913
"- Hallihallo, ich bin die gute Fee, und Sie dürfen sich schnell was wü... BUMM!
- Eine Fee! Haha, echt? Na, Ihren Job möchte ich auch gerne mal machen!
- Hallihallo... Inge! Die Flinte! Schnell!",20141018
"- Wie geht eigentlich Kricket? Hier. Versuch mal, die Burg da zu treffen.
-
- Ungefähr so. Plus ein paar idiotische Regeln.",20141212
"- Schade, ich hätte ja gerne noch einen Jahresrückblick gesehen, Schulz!
- Huch! Das ging jetzt aber schnell! Mehr war nicht dieses Jahr?
- Die Vollidioten schneiden wir immer raus.",20141230
"- Fasching kommt von Faschismus! Lächerliche Klamotten und alberne Musik! Nicht mit mir! Gitti ist aber sauer, wenn wir nicht kommen!
- Ich schau mir doch nicht den ganzen Abend besoffene Pappnasen an! Musst Du nicht. Du bekommst nur Schönes zu sehen, versprochen?
- Hellauchen! Wie süss! Kommt rein. Hallo Horst! Licht an!",20150213
"- Vielleicht sollte ich besser nicht mehr mit meiner Kreditkarte bezahlen. Nicht, daß irgendwer ein Bewegungsmuster von mir erstellt!
- Muster? Eine Gerade ist kein Muster.
- Zuhause-Bierladen-Zuhause-Bierladen...",20150313
"- Frühling lässt sein blaues Band wieder knattern durch die Lüfte! ...äh... ähm...
- Frühling, ja Du bists! Dich hab ich vernommen! Nein. Das war eine frisierte Kreidler Florett.
- Er fährt bei schönem Wetter gerne mit dem Moped zur Hölle.",20150317
"- Der zum Auftakt der Themenreihe Allergien angekündigte Ausdruckstanz ""Höllenflug der Pollen"" der Anonymen Hypochonder-Vereinigung Unterhaching mit selbstgemachten Kostümen... ...muss leider ausfallen!
- Doch, liebe anonymen Hypochonder, es gibt auch eine gute Nachricht!
- Wir haben eine bisher unbekannte Reaktion auf lösungsmittelfreien Bastelklebstoff!",20150409
"- Na? Habt Ihr den Grill gefunden? Ja. Steht ganz hinten im Garten. Was würdest Du denn gerne mal essen?
- Hm...keine Ahnung... Ja, brat mir doch einer einen Storch! Okay, alles ausser Geflügel...
- Mist. Wir brauchen einen neuen Grill.",20150425
"- * ?
- Mist. Wir haben eine schlechte Kundenbewertung bekommen! ""Geländer wäre cool"". Depp! Wann? Vor einer Minute.
-",20150427
"- Bongschur! Lammuhr! Im Supermarkt ist französische Woche! Na, wie seh ich aus?
- Fast wie ein waschechter Franzose. Die tragen allerdings das Brot in der Hand.
- Dann wird es in der Mitte nicht weich.",20150520
"- Ja, er sieht scheisse aus. Aber tanzen kann er, Hammer! Einfach überirdisch! Der?! Eine Körperbeherrschung! Eine Wendigkeit! Wahnsinn!
- Der wird irgendwo trainieren. Aber wo? Mit wem?
-",20150608
"- Der Laden hat was. Ich steh auf Retro. Was allerdings Ihr äußeres Erscheinungsbild anbelangt...
- Glauben Sie mir, ich wäre gern mephistotelischer. Aber nach vier Jahren Grundausbildung in einem Kasperletheater?
- Ich hab mir das erstbeste Outfit gegriffen, das unten zu war!",20150915
"- Gibts hier eigentlich auch weibliche Teufel...? Warum?
- Naja...wär mir lieber... Nein. Nur teuflische Weiber.
- Wer hat schon wieder meine Gluthaufen hübsch zurechtgerückt?",20150930
"- Oh, da hat sich jemand aber Mühe gemacht mit dem Muster auf dem Schaum! Sehe ich da Herzchen? Und echte Blümchen! Für mich? Hehehe...
- Hier, ruf mich an, Schätzchen...oh! Steck ein, meine Frau!
- Die Alte von oben fegt wieder ihren Balkon! Cafe",20151002
"- Hallo Baum! Ich hab einen tollen Film über Indonesien gesehen! In meinem nächsten Leben werde ich ein Orang-Utan!
- Rote Haare hab ich schon! Und ich hab dann waaahnsinnig lange Arme! Das ist phantastisch!
- Dann kann ich Bäume umarmen und mich dabei gleichzeitig gemütlich am Hintern kratzen!",20151017
"- Die Kinder wollen unbedingt ein Kaninchen. Aber ich weiss jetzt schon, an wem das dann alles wieder hängenbleibt!
- Die werden ganz schön alt, oder? Herrjeh... Was mache ich nur, um aus der Nummer möglichst unauffällig wieder rauszukommen?
- Das Türchen auf und Coq au vin.",20151126
"- Kreisch!! Da drüben steht David Bowie!
- Seufz! Als Ziggy Stardust sieht er einfach am geilsten aus! Das ist Adolf Hitler.
- Und als Josephine Baker sah er noch viel geiler aus!",20160114
"- Ich weiss, mein Zöpfchen ist total old school! Aber ich hänge nun mal dran. Das Zöpfchen bleibt!
- Aber vielleicht hat der Profi ja eine Idee, wie man es am besten geschickt integrieren kann!
- DYNAMIT",20160308
"- Äh...ja...ich sehe Glück in der Liebe. Und ja, ich sehe auch eine junge Dame mit rotem Haar...
- Ich sehe schon bald den Beginn einer langen romantischen Beziehung, die... Jaja! Blablabla!
- Frag endlich, ob sie sehen kann, wo sie die Ostereier verstecken werden!",20160324
"- Ist schon wieder alles voll mit Kaugummis! Hey, Du!
- Willst Du so ein geiles T-Shirt? Dann musst Du nur das ganze weisse Zeug vom Boden kratzen. Aber alles!
- Haben Sie diesem Idioten gesagt, er soll den Zebrastreifen wegkratzen?",20160425
"- Da! Das ist Ralf! Hinterher! Diesmal erwischen wir ihn! Schnell!
- Und? Hast Du ihn? Er hat heimlich geraucht! Äh-nein. Keine Zigarette? Er übt erotischen Stangentanz an dem Halteverbot-Schild um die Ecke!
- Keine Zigarette zu sehen! Mist!",20160803
"- Ha! Verloren! Hahaha! ** Arschbombe vom Zehner! Arschbombe vom Zehner! **
- ?!
- So, Sportsfreund! Vor nächstem Sommer will ich Dich hier nicht mehr sehen!",20160808
"- Deine Mutter fährt echt chnell! Wie trainierst Du sie? Gar nicht. Ich hab einen Film über Doping gesehen!
- Mit dem ganzen Zeug aus dem Bad, das ich ihr in den Kaffee rühre, ist sie schon ganz flott geworden.
- An den lästigen Zwischenstopps arbeite ich noch. WC",20160903
"- Spielst Du Weihnachtsmann? Ich rasiere mich ab sofort!
- Du hast doch noch gar keinen Bart! Egal. KERL Eine scharfe Rasur erhöht Selbstbewusstsein und Attraktivität bei Frauen!
- Hey, Du hast Dir die Nase machen lassen, cool! In welcher Klinik warst Du? Willst Du modeln oder zum Film?",20160909
"- Ah, Du warst einkaufen, sehr schön! ...was ist das? Badetabs! Gibts gerade im Angebot. Papaya...Butter...Milch...Kakao...Mango...Kiwi...
- Such uns was leckeres aus! Ich ziehe blind!
- Riecht gut! Blubbert aber gar nicht! Brühwürfel machen keine Bläschen!",20161015
"- Du warst beim Sport? Habt Ihr einen Babysitter? Ich mach jetzt Babysport!
- Rennen mit Baby, Sit-Ups mit Baby und Babystemmen für die Muckis! Obwohl, ans Hantel ist er fast schon zu schwer! Haha! Wo ist denn der kleine Moppel?
- Ich müsste nochmal in den Geräteraum.",20161124
"- Au! Au! Der beisst! Der beisst! Mein Bein! Mein Bein! Hast Du das Pfefferspray dabei? Nein!
- Au! Dein Parfüm! Nimm Dein Parfüm! Au! Au! Rückzug!
- Iiiih! Ich stink nach alte Tante!",20170420
"- Meine Zukunft, was können Sie sehen? Ich sehe...Klopapier, Müllbeutel, Neutralreiniger...
- Neutralreiniger.
- Tschuldigung! Meine Putze klemmt immer die Einkaufsliste unter die Glaskugel!",20170512
"- Einen Espresso, bitte! To go? Ja? Das war'n Scherz, oder?
- Wir haben total süsse kleine Becher! Hier! Mit Kätzchen! Espresso trinkt man sofort! Wenn man ihn rumträgt, schmeckt er scheisse!
- Der Espresso hier ist eh furchtbar! Ich bin froh, wenn die Leute weit weg sind! Rotes Kätzchen.",20170513
"- Wieso zahlen Nichtschwimmer genausoviel Eintritt wie Schwimmer?
- Unser Becken ist nur halb so voll!
- Ihr trinkt mehr.",20170612
"- Tschuldigung, Flechenmittel...? Ganz da hinten in der Ecke. Ich zeigs Ihnen.
- Um was für Flecken handelt es sich denn? Der Klassiker!
- Bauchflecken.",20170718
"- Die Burg reissen wir ab und bauen dort Eigentumswohnungen! Mit Garagen!
- Nicht in seine Richtung reden! Er kann von den Lippen lesen! Haha! im 17. Stick? Mit dem Rücken zu uns? Wie soll das gehen?
- Mit einem polierten Edelstahlschäufelchen.",20170726
"- Hahaha! Mit der alten Möhre brauchst Du ja ewig bis zur Kita! Bis später! Sags ihm!
- Das ist ein total neues 28-Gang Tourenrad und sauschnell, bäh! Oh, tschuldigung! Ich Idiot!
- Ich meinte alte Mähre! *",20170729
"- Hey, zeig' doch mal! Du hast Deine Jacke gebatikt! Toll! Nee, das ist gestempelt, oder? Schickes Muster!
- Was nimmst Du für Farben? Alles Naturfarben. Das Rot ist Himbeere und das Braun Walnuss.
- Walnuss-Feige!",20170804
"- ""Klingel defekt"". Dann gehen wir eben wieder.
- ** Ding Dong **
- Grundkurs Bauchreden! Hupen kann ich auch schon! Wehe! Hanni Nammi",20170825
"- Ihr habt echt noch Sex?! Na sicher! Leidenschaftlichst!
- Im Ernst? So richtig mit schmutzige Dinge sagen und so? Aber sowas von!
- Du hast schon wieder Hüpfburg gesagt!",20170826
"- *
- ?
- Wuuh..",20170905
"- Horst! Horst! Ho-Horst! Hier! Horst! Horst!!
- Äh-Schatz? Ich bin hier! Oh... Oh,entschuldigung! Ich hab Sie verwechselt!
- Sie hat manchmal eine seltsame Art, mir Komplimente zu machen.",20171014
"- Kürbissuppe! Aus dem Halloweenkürbis!
- Den grossen, mit dem geschnitzten Gesicht? Das kann ich nicht essen! So künstlerisch wertvoll war der nicht. Hm-lecker! Den hat Andi Klöpke auf dem Kopf gehabt!
- Muss ich den Arzt holen? Hol Pizza!",20171104
"- Eine grosse Latte to go, bitte. Kaffee oder Kalauer? Was? Oh...Kaffee! Caffee Latte to go!
- Gefroren?!
- Pappbecher geht gar nicht!",20171111
"- Hallo, komme Sie doch rein! Oh-wären Sie so nett, die Sachen aus dem Briefkasten mitzubringen? Gerne!
- Eine Benachrichtigung. ""Sendung beim Nachbarn abgegeben."" Ich klingel mal!
- Ein Klavier! Ein Klavier! **",20171123
"- Und? Wie schmeckts?
- Ist das ein Seniorenteller? Ist es zu wenig?
- Schmeckt ""Kannste vergessen""!",20180103
"- Oh-oh! Hat da etwa jemand einen Stinker gemacht?
- Da schauen wir doch gleich mal nach!
- * AU!",20180130
"- Rasieren, bitte! Gerne. Stellen Sie Ihr Handy bitte auf Flugmodus!
- Aber wir fliegen doch gar nicht! Und das wollen wir auch nicht.
- Sie nicht, ich nicht und Ihre Nase nicht, Wenn Sie im falschen Moment Ihre Nachrichten checken!",20180410
"- Heute ist Weltkindertag! Wow, ja! Stimmt!
- Was wollen wir machen? Wir?! Also, ich geh mich amüsieren! Und wir? Ihr nicht.
- Ihr müsst Kinder machen.",20180920
"- Tag, ich brauch einen Kühlschrank. Sie haben Glück! Die neuen Modelle sind gerade reingekommen!
- Hier: Unser Topmodell! Mit Internet und Blutuut! Kauf, wenn mal was alle ist, eigenständig ein! Aber schauen Sie sich ruhig um! Wenn Sie Fragen haben...
- Muss ich da den Gästeschlüssel reinlegen oder klingelt der?",20181201
"- Ich sehe einen schönen Mann in Ihr Leben treten... Ach ja?
- Darf ich? Danke. Und ich sehe, dass Sie auch kürzlich Geburtstag hatten... Was? Woher...? Wie haben Sie das gemacht?
- Ich versuche auch seit Tagen, jemandem meine Karte für das Hansi-Hintereisen-Konzert anzudrehen.",20180120
"- ** Hallöchen!
- ** Hallöchen!
- Noch ein hallöchen, und ich lass mich scheiden! Warum gehst Du nicht joggen, wie alle anderen alten Männer?",20180219
"- Ja, wo ist denn jetzt der Jubilar? Der kommt schon. Sie kennen doch den Bernstein! Der hat sicher unterwegs inrgendwas entdeckt, was er noch schnell zeichnen muss!
- Ey, habt Ihr schon gehört? Der Spielberg dreht hier irgendwo die Völkerschlacht bei Leipzig!
- Dann kanns dauern.",20180303
"- Ich werde erpresst! Die haben mich gefilmt! Mit meinem eigenen Computer! In der Mail steht, wenn ich nicht bezahle, stellen sie den Film ins Internet!
- Na und? Du machst doch keine peinlichen Sachen vor dem Computer. Oder? Horst? Horst!
- Ich hab neulich heimlich versucht, Yoga zu machen! Bezahl!",20180509
"- Hallo, ich bin die was-mach-ich-hier-eigentlich-noch-Fee, und Du darfst Dir was wünschen! Aber hurtig!
- Respekt! Ich will Respekt!
-",20180526
"- Ist das nicht fürchterlich, den ganzen Tag in offene Futterluken gucken zu müssen?
- Genau das hab ich meinen Professor damals auch gefragt! Und er hat mir etwas sehr weises geantwortet, das mich in meiner Entscheidung, Zahnarzt zu werden, nachhaltig bestärkt hat! Was hat er gesagt? Lieber oben als unten!",20180605
"- Warum gehen Männer immer ewig aufs Klo? Keine Ahnung, frag die Maus! Ich könnte gar nicht so lange auf der Schüssel hocken!
- Schon gar nicht bei dieser Hitze! Nanu-schon fertig?
- Eiswürfel vergessen.",20180811
"- Klöpke *** DONGG! BALLONNG! BONNNGG!
- Wie die Klingel des Mannes, so sein Johannes!
- So lang er auch war, das Ende ist nah!",20180822
"- BÄKO Ein Schokocroissant, ein Puddingplunder und das Sandwich da! Kann alles in eine Tüte. Sicher?
- Klar, kommt doch alles zusammen in denselben Bauch, haha! Hahaha!
- Aber leider nicht zusammen wieder raus. Das war Avocado auf dem Sandwich,",20180829
- oder? Geben Sie mir noch eine Tüte! Avocado kann er nicht.,20180929
"- Den Baum berühren...den Baum spüren...eins werden mit dem Baum...
- Wussten Sie, dass Bäume untereinander kommunizieren können? Natürlich! Bäume sind sogar sehr intelligent! Sogar intelligent?
- Dann machen die jetzt Witze über peinliche geblümte Krawatten!",20181009
"- Warum ist mein Paket gegenüber abgegeben worden?! Ich war zu Hause! Ich hab sogar den ganzen Tag die Tür offen gelassen!
- Und laut Musik gehört! Und Kuchen gebacken! Mehr zu Hause kann man nicht sein! Wo war Ihr Kollege?
- Da hätt ich mich auch gefürchtet!",20181101
"- Ich kann hier mit der Raupe nicht wenden! Dann fahr doch auf den Spielplatz!
- Hoppla! ** Tschuldigung!
- Schon wieder die Raupe? Was hat sie diesmal? Zahnausfall. Getriebe? Unterkiefer.",20181114
"- Herr Klöpke, bitte! Ich war aber vor dem da!
- Vielleicht hab ich ja was schlimmeres! Vielleicht hab ich ja was interessanteres!
- Dann geh ich. Ich hab was normales. Sie können ja solange gugeln!",20181212
"- Hallo! Ich hätte gerne Kaffee und Kuchen! Aber unbedingt mit ohne... Moment!
- Einfach hier mit der App die Inhaltsstoffe auswählen-Kaffee hier, Kuchen da-und dann auf ""Senden"" tippen! Und ich bringe Ihnen dann genau, was Sie möchten.
-",20190223
"- Hey, Du! Hallo! Alles klar! Du kannst abbiegen! Es kommt keiner! Alles frei! Kann nix passieren! Gute Fahrt! ?
- Ich arbeite jetzt als Toter-Winkel-Assistent! Aha. Boah-hat der Segelohren!! Untersteh Dich!",20190330
"- Hahaha! Ich habe einen geilen Witz gelesen! Kennen Sie den? Kommt ein Mann zum Friseur...
- Haha! Wollen Sie mich etwa damit rasieren?
- Fragen Sie mich nach dem Witz noch mal.",20190509
"- Da bist Du ja endlich! Guten Morgen! Verschlafen?
- Ich war noch schnell im Nagelstudio! Schick, oder? ** ding dong",20190519
"- Faulpelz! Faulpelz! Ja, Du auch! Faulpelz!
- Alles Faukpelze! Ihr Stromfresser, Ihr! Fahrt gefälligst Fahrrad!
- So wie ich!",20190713
"- ?
- ??
- Okay, jetzt is es nicht mehr ganz so hoch-spring!",20190722
"- Entschuldigung, wo gehen Sie mit Ihren Kindern aufs Klo? Nirgends.
- Sie meinen...? Aber das ist doch total unhygienisch!
- Mama, der eine Klostein ist abgegangen!",20190803
"- Ich bräuchte mal Hilfe...ich würde gerne eine Textnachricht verschicken. * * * Kennen Sie sich damit aus?
- Selbstverständlich! Zeigen Sie mal Ihr Smartphone! Hab ich nicht. Leihen Sie mir Ihres? Nein!
- Dann brauch ich Eineeinmarkmarke!",20190924
"-
- Bärchen, wir sollten die Matratze mal wenden! Dann schläft sichs besser! Gute Idee!
-",20191130
"- Mein Kollege ist höllisch erkältet, tut mir leid. Wir mussten Sie ausnahmsweise mit einem Paketdienst zur Hölle fahren lassen.
- Ja, tut mir auch leid! ""Sendungsverfolgung"" schon einmal gehört?
- Ich hab drei Wochen in einem Paketshop in Halle rumgelegen!",20191220
"- Und? Weihnachten gut überstanden? War supi.
- Hier, alles Retouren. Ich dachte, Sie finden die Schenkerei blöde?
- Schon, aber ich find die Auspackerei einfach total geil!",20191227
"- ** Ding Dong Das ist hier ein Problemviertel! Alkis?
- Das Ende ist nah! Da lachen ja die Hühner!
- Astrophysiker!",20200107
"- Heute koche ich was total tolles!
- Mit lauter gesunden Zutaten, die das Immunsystem und die Abwehrkräfte stärken!
- Was gibts? Krankenhausessen.",20200110
"- Was machst Du da? Baume ausreissen. Warum?
- Weil ich es kann. Ich bin als Kind in einen Topf mit Zaubertrank gefallen. Ach so, okay. Tschüss!
- Ja, Baum, ich weiss. Ich hab schon versucht zu erklären, was ich mache! Aber die Leute gehen schneller, wenn sie was Plausibles hören.",20200325
"- Sie sind neu hier, nicht wahr? Vermutlich direkt von der Kassiererinnenschule. Und jetzt denken Sie sicher: Ich kann schneller scannen,... ...als die alte Schachtel hier einpacken kann.
- Aber ich warne Sie, Kindchen! Diese alte Schachtel hier ist nicht irgendeine alte Schachtel! bibibibi biep!
- 37,99-Wenn Sie es nochmal in Zeitlupe sehen wollen, können Sie das beim Filialleiter.",20200605
"- Hasso: Gib Pfötchen! Na lLs: Gib Pfötchen!! Gib Pfötchen! Hopp!! Du sollst Pfötchen geben! * ? ? ?
- Hoffnungslos-diese Töle ist dumm wie Brot!
- Hasso: Vorne rechts...",20201025
"- ACHTUNG!! BAHN FREI!!
- Brüll doch nicht so! Da ist doch keiner! Noch nicht!
- Bei Deinem Tempo können die alle jetzt noch gemütlich loslaufen, um überfahren zu werden!",20210119
"- Nun denn, wohl auf! Hinaus in die Welt und den Körper gestählt!
- Meinst Du echt, ich kann so gehen? Ist das nicht zu eng im Schritt? Alles gut.
- Die Welt ist hart im Nehmen.",20210128
"- Halt! Ich bin die Stop-and-Go-Fee, und Du darfst Dir was wünschen!
- Ich würde gerne natürlicher wirken!
-",20210320
"- Was soll das werden? Ins Wasser schubsen? Hahaha! Ich zeigs Dir! Hnnch!
- Also-nach rechts schauen, ob keiner kommt, nach links schauen, ob keiner kommt und dann...
- Ey-nicht von der Seite reinspringen!",20210319
"- Eine Feuerstelle auf der Liegewiese! Leergut im Becken! Die haben hier Party gemacht!
- Wenn ich die erwische! Die erwischen wir!
- Einer ist nach dem Pinkeln vom Zehner oben eingepennt.",20210412
"- Aaah! Was ist da?! Kabel!
- Papa kauft einen 3-D-Drucker! Und ich druck dann, was ich träume! In 3-D!! Ist das nicht irre? Wahnsinn.
- chrrr...",20210430
"- Was hat Sie? Sie hat seit drei Tagen keinen Baum umarmt. Das tut ihr mal ganz gut!
- Ah! Da seid Ihr ja goldrichtig! Das einzige Holz hier auf der Insel ist die Fähre nach Patras.
- Penelope",20210721
"- Eineeinmarkmarke!
- Gott, ist das öde! Immer das Gleiche! Ein Hirn brilliant und voller Fachwissen! Und keiner fordert es!
- Zweizweimarkmarken!",20211022
"- Ich will aber eine Mütze mit Pelzbommel! Alle haben eine Mütze mit Pelzbommel! Warum krieg ich keine Mütze mit Pelzbommel?
- Weil für jeden Pelzbommel ein Tier sterben muss! Willst Du das?
- *",20211209
"- Wer hört denn heute noch richtig zu? Deshalb muss unsere Botschaft kurz und glasklar sein! Ding Dong **
- Das Ende ist nah!
- Ich darf wieder rauchen!! R",20211216
"- CHRRRR... CHRRRR...
- Au! Was? Hör auf zu schnarchen! So kann man nicht lesen! Warum?
- Weil die Lesebrille vor der Nase vibriert!!",20220115
"- Die Kinder kommen vom Spielplatz und haben Beulen am Kopf! Und? Soll ich jetzt Kissen verstreuen? Das sind Kinder, das ist normal!
- So, und jetzt zeigst Du der Mama, wo Du Dir immer Aua machst!
-",20220129
"- BUH!!!
- KCHCHCH!! ??
- Einen Versuch wars wert.",20220401
"- Was soll das sein? Krampfadern? Das ist ein Osterei für meinen Papa mit seinem Tattoo drauf, du Arsch!
- Und? Hast Du denn schon was auf Dein Ei gemalt, Chlodwig? Ja, einen Elefanten! Wo denn? Na, da!
- Ich hab mit dem Auge angefangen. Der Rest hat nicht draufgepasst.",20220414
"- Was macht der Föhn? Ich hab ein paar Teile gewechselt. Der schnurrt gleich wieder wie neu!
- * FURZ! Bravo! Und jetzt?
- Spassföhnen mit Okel Figaro Nur € 2,-",20220426
"- ** DING DONG
- HELLS ** ** BELLS!
- Warn't SCherz! Da ist der Ausgang, bis später! * * * *",20220507
"- Um die Verbreitung von Infektionen zu vermeiden, empfehlen Gesundheitsexperten statt in die Hand in die Armbeuge zu niesen.
- Dass dies jedoch ein schlechter Rat ist, demonstriert uns nun die Ortsgruppe der anonymen Hypochinder Knödlingen. Bitte sehr! * ****** ** *",20220518
"- Na toll. Der Fahrstuhl hängt! Das kann dauern!
- Und nichts zu lesen dabei... Hüstel...
- Hanni Nanni",20220519
"- Deine erste Party mit Mädchen?! Keine Panik, einfach ganz cool bleiben! Du riechst komisch...
- Das ist das Zeug von meinem grossen Bruder! Welche Marke? Was teures? Keine Ahnung, es musste schnell gehen...
- Aber es stand ""Kontaktspray"" drauf!",20220525
"- Nein, nein, nein! Kein Grill! Hier ist es viel zu trocken! Ein Fünkchen Glut auf den Boden, und die ganze Gegend steht in Flammen!
- Ich kleckere nicht beim Grillen! Das sagen sie alle! Es kann doch nicht sein, daß man hier nirgendwo grillen darf!
-",20220528
"- Halt! Absteigen! Sofort! Alle beide!
- Eltern mit Kindern auf dem Gehweg nur bis zu einem Alter von acht Jahren! Der ist doch älter als acht!
- Na, dann lassen Sie ihn mal was rechnen! **",20220530
"- Der Türspion ist der Feind des eleganten Klingelns! Man macht einfach keine ""Bella Figura"", gebückt, mit dem Finger auf dem Knopf!
- Als Kind wollte ich immer Ballerina werden! Sag mal, hörst Du mir überhaupt zu?!
- ** Ding Dong",20220601
"- Okay, bevor wir loswalken, lockern wir uns erstmal im oberen Bereich!
- Einfach mal die Arme ganz locker baumeln lassen und dann in alle Richtungen wild wedeln!
- Ohne Stöcke, Herr Klöpke!",20220602
"- Verzeihung, dauerts bei Ihnen lange? Nein. Nie. Gut.
-
- Man muß sich natürlich ballaststoffreich ernähren!",20220603
"- Na, die haben ja wohl Spass da oben! Ich glaub, die räumen um.
- Mitten in der Nacht?! Haben die keine Nachbarn?
- Die haben Ihre Dielen geschliffen, solange Du geschnacht hast.",20220604
"- Das ist ein Top-Laden! Die kochen nur mit hochwertigen Bioprodukten von regionalen Herstellern, die sie persönlich kennen!
- Das ist ein Ziegenrohmilchkäse aus der Bioziegerei von Hedwig Meckerle aus Knödlingen, direkt hiner der nächsten Flussbiegung.
- Die Fliegen sind von Herrn Klöpke nebenan!",20220607
"- Papa, was ist das? Eine Muschel. Und das? Eine Muschel.
- Und das? Eine Muschel.
- Und das? Eine Muschel.
- Du hast echt keine Ahnung!",20220608
"- ** ding dong Das ist Frau Klöpke! Sie stellt mir nur ihre Blumen vor die Tür.
- Ich hab ihr versprochen, daa ich mich um sie kümmere, solange sie im Urlaub ist. *",20220609
"- Oh, Mist! Ähm...was halten Sie von einem Deal?
- Ich kooperiere vollständig, und Sie kommen mir im Strafmass entgegen! Abgemacht. Schulz!
- Vier mal stündlich bis zum Anschlag in jede Arschbacke... ...und in einer Ewigkeit gibt's einen Abend frei!",20220610
"- Wir müssen noch Postkarten schreiben. Wem? Den Leuten , die unsere Blumen giessen!
- Die zuhaue hocken müssen, während wir uns am Strand aalen? Geanu.
- Schreib, wir haben Duchfall.",20220611
"- Es ist vorbei. Es ist erst vorbei, wenn es vorbei ist.
- Und wann es vorbei ist, bestimme immer noch ich! Nein.
- Die Siegerehrung war schon um 12.",20220613
"- Was ist?! Willst Du hier Wurzeln schlagen? Gehts Dir nicht gut? Ist was mit Deinem Eis? Geh schneller!
- Da ist ein Künstler! Ja, und?
- Wenn wir gaaanz langsam laufen, musser uns malen!",20220614
"- Ich fahre ein paar Tage weg... Ich giesse keine Blumen mehr! Ja, aber...
- Kaufen Sie sich eine Solarblumengiessanlage! Solar...? Keine Angst, die sind idiotensicher!
- *",20220615
"- Wen hattest Du zum Blumengiessen? ""Flying Flower"". So ein junges Start-Up-Unternehmen.
- Denen hast Du Deinen Schlüssel gegeben?! Nein. bzzzzz...
- Ich sollte nur ein Fenster offenlassen. frrzzz",20220616
"- Nein, nein, Ralf raucht nicht mehr. Ganz sicher!
- Keine Brandlöcher, keine Kippen im Klo. Der ist sauber! Lydia hätte ihn sonst nie die Blumen giessen lassen!
- Die armen Pflanzen. Haben alle überlebt! Bis auf eine. Nicht so schlimm. Irgend so ein Ziertabak.",20220617
"- Man soll keine Steine sammeln! Die liegen hier überall rum! Wenn das jeder macht, nicht mehr lange!
- Ich denke, sie hat es verstanden. NA sicher, sie ist intelligent.
- Ja, was?! Ich bring nächstes Mal doppelt so viele hässliche von zu Hause mit!",20220618
"- Pickel, Piercings, Prophetenbärte. Die Mund-zu-Mund-Beatmung rettet Leben... ...und muss geübt werden!
- Auch und gerade für schwieriges Geläuf! Freiwillige vor!
-",20220620
"- Bein uns in der Familie gibt es ja jetzt gar kein Fleisch mehr auf dem Tisch. Alle Veggie? Alle Veggie!
- So richtig streng? Nein. Die volle Bandbreite! Wir haben Ovo-Vegetarier, Lacto-Vegetarier...
- Ovo-Lacto-Vegetarier... ...und Wurstbrot-Vegetarier.",20220621
"- He! Ihr sollt schlafen! Hast Du mein Ringelshirt in die Wäsche? Nein, wo ist Dein Bruder?
- Runter zum Strand. Glaub ich. Was?! Jetzt?! Warum? Keine Ahnung. Pinkeln?
-",20220622
"- He! Sie da! Sind Sie verrückt geworden?! Sofort das Feuer ausmachen!! Das ist kein Feuer, das ist Glut!
- Das ist mir Wurst!! Hahaha! Er hat ""Wurst"" gesagt!
- Brühwurst!",20220623
"- Moment! Bei der Buchung stand ""Mit Meerblick!"" Ach ja, richtig!
- ?
- Hotel Paradiso",20220624
"- Das ist Klettband! Da wackelt der Kopf nicht so rum beim Fahren.
- Und ich kann auf dem Weg zur Kita ein proma Nickerchen machen!
- Ich habe mein Kind verloren!",20220625
"- Irgendein Internetkasper hat oben vom Zehner ein Selfie gepostet! Jetzt wollen die anderen Pappnasen auch alle da hoch!
- Sofort sperren! Das gibt Chaos! Also: was tun...?
- Hot Dogs Eis",20220627
"- Ich hab meine Badehose vergessen!
- Stell Dich nicht so an! Früher hatten die Leute auch keine Badehosen.
- Lidl",20220628
"- * DÜNG DONG Oh! Hör nur! Was für eine wundervolle Klingel! Wie schön! Himmlisch!
- Da können Sie lange klingeln! Die sind im Urlaub.
- * düng dong düng dong düng dong düng dong düng dong düng dong düng...",20220629
"- Wenn Sie grillen, rufe ich die Polizei! Warum?
- Weil es qualmt und stinkt! Oh!Okay... Ja, gut...dann kein Feuer.
- Schatz? Es gibt nächste Woche Dry-Aged!",20220630
"- Passiert mal was da vorne?! Ich dehydriere! Die alte Dame... Ich weiss. Sagen Sie ihr, ich gebe mein Bestes. Er gibt sein Bestes!
- Ich will kein Kind von ihm ich will eine Einemarkmarke!",20220701
"- Hi, ich bin die schnell-wie-der-Wind-Fee, und Du darfst Dir schneller was wünschen! Ha!
- Sie kommen wie gerufen! Ich will kein Windrad neben meinem Grundstück!
-",20220702
"- Krieg ich ein Eis? Nein. Krieg ich ein Eis? Nein. Krieg ich ein Eis? Nein. Krieg ich ein Eis? Nein. Krieg ich ein Eis?
- Nein!! Aber ich krieg gleich Pickel! Was ist denn an ""nein"" nicht zu verstehen?
- ""Eis"" ist viel kürzer, und Du verstehst es auch überhaupt nicht!",20220704
"- Hier haben wir früher sehr oft übernachtet! Schon wegen des Frühstücksbuffets! Ja, das sieht toll aus! Kein Vergleich zu früher! Hat schwer nachgelassen!
- Qualitativ? Quantitativ!
- Sie nur zwei Scheiben! Lachs",20220705
"- Setz Dich! Warst Du Bäume umarmen? Hi! Oh! Ja! Oh! Das iseht lecker aus! Was ist das?
- Vegane Schinkenspicker-Wurst. Versteh ich nicht.
- Im Prinzip so was wie ein Plastikweihnachtsbaum.",20220706
"- **** ** * * Malle
- Ihre Boarding-Karte, bitte!!
- Tja, Pech. An der falschen Schlange angestellt! Fenster oder Gang? HELLAIR",20220707
"- Den Elfer musst Du reinmachen! Na klar! Ich hab die Sonne im Rücken!
-
- Du hast die Kirchturmuhr getroffen!! Die Brille hat mich geblendet.",20220708
"- chrrrr... chrrrrrr...
- BUMM!! BUMM!! BUMM!!
- Was?! Nicht so laut umblättern!",20220709
"- Sie stellen die Werbemittel, und wir bekommen einen fairen Anteil am Kioskverkauf! Nein! Keine Werbebanner in meinem Bad!
- Doch keine Werbebanner! BLASENSCH
- Bandenwerbung!! WÄCHE?",20220711
"-
- Hey! Schaut mal! Nachher bau ich dahinter noch ein Märchenschloss mit Park!
- Also, ich erklär ihm nicht noch einmal das mit der Ebbe und der Flut!",20220712
"- Ich flieg mit dem Mädels nach Ibiza! Dieter quält sich derweil irgendwo mit dem Rad hoch und runter. Und selbst?
- Pyrenäen, Wandern mit Esel!
- Ihr macht noch zusammen Urlaub?!",20220713
"- Pass bloss auf, Kleiner! Da drin wohnt ein Zwei-Meter-Wels!
- Hahaha! Kluger Junge!
-",20220714
"- Eineeinemarkmarke! Trägt man das jetzt zum Briefeschreiben?
- Ich mach gerade Freibad-Office! Beneidenswert! Das würde ich auch gerne können!
- Können Sie! Hier! Damit gehen Sie nicht unter, wenn Sie sich nicht bewegen.",20220715
"- Hey! Ist das ein E-Bike? Warum hast Du keine Stützräder? ?
- Mama sagt, die mit E-Bike sind alle zu blöd zum Fahrradfahren und fallen alle auf die Fresse, und dann brennt der Akku lichterloh, und wir müssen dann die Feuerwehr bezahlen! Warum hast Du keine Stützräder?!
- Tempo halten! Sein Akku muss gleich alle sein!",20220716
"- Springen Sie auch ab und an vom Zehner? Nur zu Testzwecken. ? Ob der Fallwinkel noch stimmt.
- Wenn die Reise zu sehr Richtung Beckenrand geht, müssen wir den Sprungturm neu justieren. Ah! Verstehe!
- Wer war das? Ein Alternative-Physik-Versteher!",20220718
"- Ja, so richtig vier Wochen Urlaub! Italien! Nur mit Handtäschchen?
- Wir haben diesmal ein Ferienhaus gemietet, da können wir waschen. Nie wieder Riesenkoffer! Clever!
- Das ist das Zeug für die Waschmaschine.",20220719
"- Onkel Ralf?! Rauchst Du? Hahaha! Nein! Es war so still!
- Ich mach mir 'n Leberwursttoast. Auch...? Örkh...nee! Irgendwann erwisch ich Dich! Hahahaha!
- * klack",20220721
"- Was wirft man mir vor?
- ""Hochfrequentes Urinieren in fliessende und stehende Gewässer."" Aber das ist doch lächerlich!
- Sie hätten mal die Fische während der Spargelsaison hören sollen!",20220722
"- Servus, ich bin die Huch-schon-so-spät-schon-Fee, und Du kannst Dir jetzt gerade noch was wünschen.
- Ah! Ich würde so gerne diese Yoga-Übungen hier machen können!",20220723
"- Da hinten ist eine Schlägerei!
- JUHUU!! Hey! Nicht da! Da!
-",20220725
"- Heute spielen wir mal ein neues Spiel! Ein tolles Spiel! Ein Spiel, bei dem niemand verliert und alle gewinnen!
-
- Wettrennen?",20220726
"- Stell Dir vor, wir haben eine Kreuzfahrt gewonnen! Vierzehn Tage, Venedig und so weiter! Alles inklusive!
- In so einem schwimmenden Hühnerstall? Und Horst fährt da tatsächlich mit? Horst?
- Unter den üblichen Protesten.",20220727
"- Ähm-hallo?! Da schwimmt was im Kaffee!
- Das ist ein Nano-Containerschiff! Es soll uns daran erinnern, welch weiten Weg jede einzelne Bohne bis hier inunsere Tassen zurücklegen muss.
- Pass doch auf, wo Du hinaschst!",20220728
"- Wenn das bei Ihnen noch dauert, dann mach ich inzwischen ein paar Entspannungsübungen, okay? Nur zu!
-
- Besser? Besser! Und wie entspannen Sie? Ich stemple Klapperschlangen.",20220729
"- Ist das nicht herrlich? Und gleich noch einen kleinen Apörol und dann ein Ründchen in den Pool! Der Pool ist gesperrt.
- Gesperrt? Mit Vollpfosten.
- Die Nordic-Walking-Gruppe von Deck 12 hat sich verlaufen.",20220730
"- Ey! Was ist mit der Rutsche?! Au! Was soll damit sein? Die ist gesperrt! Das bleibt sie auch!
- Au! Au! Au!! ?
- Warum ist die Rutsche offen? Nachwuchsförderung Frauenfussball.",20220801
"- Den Baum berühren...den Baum spüren...eins werden mit dem Baum... Eins werden mit dem Baum...
- Eins werden mit dem Baum...eins werden mit dem Baum! Eins! Werden! Mit! Dem! Baum! B! A! U! M!
- Be-setzt!",20220802
"- Ich hab schon mal den Grill angeworfen! Du hast was?!
- Du angelst schon länger, als Du sonst auf dem Klo sitzt! Da wird ja wohl bald mal was anbeissen! Klöpkes kommen auch zum Essen.
- *",20220803
"- Er ist besser als jeder Trüffelhund! Wir setzenihn zur Waldbrand-Prävention ein. An den Strassenrändern.
- Ein paar Tage in rauchfreier Umgebung...
- ...und er findet jede glimmende Kippe!",20220804
"- Treten Sie ruhig näher! Mit dem Gepiesackt Werden müssen Sie sich allerdings noch etwas gedulden. Der Kollege verreist gerade.
- Wie schön! Urlaub? Haha! Noch schöner!
- Weiterbildung!",20220805
"- CHRRRR! Horst!
- Was...? Du schnachst! Und? Du weckst die Leute auf!
- Schmarrn!",20220806
"- Verdammte Affenhitze! Das ist affenfeindlich! Na los, Arschbombe!
- Und die Bademeister? Ich hab scohn 'ne gelbe Karte... Die hocken doch sicher irfendwo im Schatten.
- Nicht von der Seite reinspringen!! Fröstl * * *",20220808
"- Kann ich mein Handy hier laden?
- Nach dem Waschen! ?
- WUUUUH!",20220809
"- Die Stöcke immer schön im Schwung mitnehmen und kontrolliert aufsetzen! Wir machen ja keine Fracking-Bohrungen, haha! Auf geht's!
- Halt!! Und wie heisst das Zauberwort, Herr Klöpke?
- 'tschuldigung!",20220810
"- Vierzig Grad! Im Schatten! Die Schule ist voll klimatisiert, und wir kriegen hitzefrei! Die spinnen doch! Der spinnt auch!
- Wie hält der das aus?!
- Das ist Schnee.",20220811
"-
- Hey, Sierie! Spiel: ""Polonäse Blankenese""!
- Ich liebe diese Musikströmung! Das gibt's alles, was man braucht!",20220812
"- Oh! Sieh nur, eine neue Villa! Sehr gut! Gut? Da ist doch alles verrammelt! Die sind verreist!
- Augen auf! Das ist ein hochmodernes Smart-Home! Ding Dong **
- Guten Morgen! Das Ende ist nah!",20220813
"- Beheizte Becken! Pah! Früher! Da gab es eine Tafel!
- Da stand drauf, wie kalt das Wasser war!
- Und dann ist man da rein! Wir waren härter! Blödsinn.
- Wenn da nicht alle reingepinkelt hätten, hätte man gar nicht baden können!",20220815
"- Ich brauch ein intelligentes Passwort! Hmmm...ja! ""Einstein""!
- Warum nicht ""Horst""?! Zu intelligent.
- Ah, okay! Das nächste Mal nehm ich ""schlagfertig""!",20220816
"- Den Baum berühren...den Baum spüren...eins werden mit...
- Was tun Sie da?! Wonach sieht's denn aus? FORST
- Da können Sie unterschreiben! Keine Neubauten im Naherholungsgebiet!!",20220617
"- Das hast Du wundervoll gemacht, Sigurd! Bravo! Ganz, ganz toll, Sigi!
- Aaah! Hört endlich auf, mich für jeden Scheiss zu loben! Ich bin doch nicht blöde! Ich weiss genau, in welcher Liga ich spiele! Das da ist Mist!
- Das ist so toll von ihm, dass er auch mal andere Kinder gewinnen lässt! Ganz, ganz toll, Sigi!",20220618
"- Wenn ich mich anständig benehme, komme ich dann wegen guter Führung früher wieder hier raus?
- Sie werden sich nicht anständig benehmen. Warum?
- Er kann sich nicht anständig benehmen! HELL PUNK",20220819
"- Hat der Halsweh? Nein. Das ist ei Airbag!
- Hey! Darf ich sehen, wie Di wo gegenbretterst?
- Was?! Ich wollte doch bloss wissen, ob es ihm den Kopf abreisst!",20220820
"- Ey! Mein Eis!
-
- Im Schwimmbecken lebt ein Ungeheuer!!",20220822
"- Die perfekte Rasur braucht zweimal Schaum! Die Crema ist ein Thema!
- Oh! Mit Herz im Schaum! Wie ein Barista! Machen Sie das immer?
- Nur wenn er jemanden geschnitten hat.",20220823
"- Immer dieses Gemeckere über das Grillen! Ohne Grillen könntest Du ga rnicht meckern!
- Ohne Grillen hätten wir nie eine Sprache entwickelt! Was waren wohl die ersten Worte eines Homo Erectus? Na? Pff... Überlebenswichtig!
- ""Vorsicht, das brennt gleich an!""",20220824
"- Gemüse?!
- Rohkost! Sehr gesund! Saisonal, regional, total genial! Und lecker!
- Wie nennt sich das hier? Rohe Gewalt!",20220825
"- Die hören jetzt alle den ganzen Tag Musik, die Leute. Ist ja schön. Aber den ganzen Tag so Stöpsel im Kopf? Nee!
- Das geht auch ohne. Ich such mir morgens immer einen passenden Ohrwurm! Passend?
- Für hier passt immer ""Der Ring der Nibelungen""!",20220826
"- Sag mal, raucht da einer? Spinnen die?! Wo? Da hinten auf dem Hügel! Da ist immer so ein roter Punkt.....da!
- Quatsch! Das ist eins von den neuen Windrädern. Die schiessen hier gerade wie Pilze aus dem Boden!
- R",20220827
"- Okay, wir üben heute Wiederbelebung! Hier ist unser Patient! Hier ist unser Patient-was tun? Ja?
-
- Ich hab mal ein Praktikum in der Robbenstation gemacht!",20220829
"- Wo warst Du so lange? Ich hab die Klöpke getroffen. Sie hat von ihrer Schweigegrupper erzählt!
- Fand ich schon sehr verwunderlich. Warum schweigt die nicht alleine?
- Nach zehn Jahren Nordic Walking braucht es viele Leute, um jemanden zum Schweigen zu bringen!",20220830
"- Okay, Sie sagen: ""Mein Name ist Bond. James Bond."" Und dann stecken Sie sich cool diese Zigarette an.
- Sind Sie Wahnsinnig?! Ohne Filter? Auf keinen Fall!! Regieassistenz!
- Der Stuntman für Mister Bond?",20220831
"- Ich hab meine Badehose vergessen! Und jetzt?! Shorts, Unterhose oder Nackedei.
- Nicht unter EUR 1000,- Strafe! Das ist ein Kurstrand! Hast Du nicht mal Floristin gelernt?
- *",20220901
"- Was wird das eigentlich? Ihre Memoiren? Sehe ich aus, als hätte ich Zeit für weltlichen Firlefanz?
- Das sind Höllendinge! Nichts für Sünder! Hinweg, Elender! Schulz!
- Warte, Klopapier hab ich vergessen! Und bring eine Tüte von diesen leckeren Weingummiengeln mit!",20220902
"- Warum hast Du denn so einen nackigen Kopf?
- Was ist mit Deinem Zahn? Den hat die Zahnfee mitgenommen!
- Bei mir war die Haarfee.",20220903
"- Nimm den Kaugummi raus! Sonst kann ich Dir die Haare nicht unfallfrei schneiden! Der ist aber noch ganz frisch!
- Dann such Dir einen sicheren Platz zum Ablegen!
- WUUUH!",20220906
"- Einen Galao mit Ersatzflüssigkeit, bitte! Für mich auch!
- Hey! Hey! Gut siehst Du aus! Neue Hose?
- Nö. Neues Handy!",20220907
"- *** ** * *** !
- Hallöchen! * ** **
- Na, das ist ja mal ein richtig bescheuerter Name! * **",20220908
"- Bemarkenswertes POST Pfff... Äh...schläft der? Nein. Er arbeitet. Als Aushängeschild.
- Fachkräftemangel! Die suchen händeringend neue Leute. Chrrr...
- Attraktiver kann man einen Beruf nicht darstellen!",20220909
"- Hey! Du bist eine Fee! Ich hab Feierabend. Darf ich mir was wünschen? Ich hab Feierabend.
- Nur schnell was kleines! Du wartest doch eh auf den Bus! Ich hab Feierabend. Ich wünsch mir ein schmerzhaftes Tattoo!
- Ich hab ihn fotografiert! Den Typ mit dem Nasentattoo! Da steht...
- ""Fuck Überstunden!"" Manche Leute sind echt schmerzbefreit!",20220910
"- Können Sie schon etwas sagen? Ja. Ihr Planschbecken ist umgekippt und mausetot.
- Sie wissen doch... Genaueres erst nach der Obduktion. Jaja.
- Aber ich würde stark von Fremdeinwirkung ausgehen. Börp...",20220912
"- Wir sollten uns mal woanders hinstellen. Warum? Hier ist es doch gut.
- Hier kommen vielen Leute vorbei. Was passt Dir nicht?
- Die Ich-kaufe-Ihr-Auto-Visitenkarten hinter meiner Brille. Vermisst Kitty Belohnung",20220913
"- Die Tigerschnecke ernährt sich von anderen Schnecken. Sie hetzt sie müde, springt auf sie und bricht ihnen mit einem gewaltigen Lutschen das Genick.
- Dann frisst sie sie mit Haut und Schleim! Okay, reicht! Mangelhaft, setzen!
- Schade, ich fand's cool! Mein Fehler. Ich hätte doch mit ""Das exzessive Paarungsverhalten des gefürchteten Zwitters"" anfangen sollen!",20220914
"- Ey, Sandpupser! Kannst Du mal ein Stück rücken?
- Ich will auch was vom Sandkasten haben!
-",20220915
"- Wo bin ich? Aaah! Ist das die Hölle? Warum muss ich in die Hölle?!
- Musst Du nicht. Das ist nur eine Schnupperaktion Deiner zuständigen Glaubensgemeinschaft.
- Wir verdienen uns nebenbei ein bisschen was dazu!",20220916
"- CHRRR... schlck...
- * Bing! CHRRP...? Du hast eine Nachricht bekommen!
- Von Moni! Was schreibt Sie? ""Der weisse Hai!""",20220917
"- Aber ich will doch bloss vom Einer springen! Sicher ist sicher! Es kann immer noch sein, dass Du mal hochintelligent wirst!
- Ich mach mich total lächerlich! Nur wenn Du daneben springst, Schatz. ? *",20220919
"- Heute gibt es was tolles! Heute hab ich das erste Mal achtsam gekocht! Achtsam?
- Achtsam! Und? Wie schmeckts?
- Einsam.",20220920
"- Den Baum berühren...den Baum spüren...eins werden mit dem Baum! He, Sie!
- Ihr dicker Freund soll Ihnen mal flüstern, wo hier die besten Pilze stehen! Zwei Astlängen nördlich der driten Wurzel links.
- Das it ein Knollenblätterpilz! Er ist nicht dick!",20220921
"- Wladi, aus! Aus! Nicht kacken! Aus! Hier nicht! Aus!
- Herrchen hat kein Tütchen dabei. Da hinten können wir!
- Feuer frei!",20220922
"- Geht das auch mal schneller da vorne?! Hier zieht's wie Hechtsuppe!
- Können Sie Ihre schlechte Leune nicht mal zu Hause lassen?
- Ich hab 'ne kleine Wohnung. Ich muss in geeignete Orte auslagern.",20220923
"- Wir spilene Raketenstart in den Weltraum! Toll!
- Die Rakete beschleunigt so wahnsinnig schnell, dass die Planetenlinks und rechts vorbeirasen! Würdest Du jetzt bitte das Weltall verlassen?
- Okay, wirf alle Käsebällchen auf einmal!",20220924
"- He! Wir haben noch geschlossen! Die Tür stand offen! Frühstücken Sie ruhig fertig, ich schwimm schon mal los.
- Danke. Wenn Sie das bitte vorher lesen und unterschreiben würden? Die Atemschutzerklärung!
- ""Eine Notbeatmung kann grosse Mengen Brösel enthalten""...? Und koffeinhaltige Flüssigkeiten.",20220926
"- Musst Du nicht Dei Chaos aufräumen? Schon fertig! So schnell?
- Mit Köpfchen! Ich hab meinen gesamten Besitz in alphabetisch definierte Bereiche durchstrukturiert! Ruck-zuck! Das will ich sehen!
- Du hast Scrabble-Steie auf Deinen Kram geworfen! Die Zuordnungsliste mach ich später.",20220927
"- Natürlich schaffst Du den Marathon, Schnurzel! Die paar Kilometerchen!
- Die ganze Familie steht am Strassenrand und feuert Dich an! Was ist das?
- Das? Ach das. Den hat mir Opa gegeben. Falls Du lahmst.",20220928
"- Die Klingel ist kaputt! Da ist aber jemand zu Hause! Die Klingel ist aber kaputt!
- Früher gings auch ohne Klingel!
- Früher waren die Fenster robuster!",20220929
"- Ja?
- Ich sitze auf glühenden Kohlen und habe ständig kalte Füsse! Das ist ganz furchtbar!
- Das ist ganz neu! Wir nennen es: ""Klimaanlagenwandel"".",20220930
"- 'n Abend! Ich bin die auf-dem-nachhause-Weg-Fee, und Du darfst Dir noch schnell was wünschen!
- Ich sagte ""schnell""! Nicht brüllen, ich bin nicht taub! Obwohl meine Ohren durchaus zu wünschen übrig lassen!
-",20221001
